--
-- PostgreSQL database dump
--

\restrict 5s1XjwLEzkL7bXGtKOEPjh5k81b9xgwcfIBbGr1sb1CQByJqdTUzzlTRr12BYBf

-- Dumped from database version 16.10 (Debian 16.10-1.pgdg13+1)
-- Dumped by pg_dump version 16.10

SET statement_timeout = 0;
SET lock_timeout = 0;
SET idle_in_transaction_session_timeout = 0;
SET client_encoding = 'UTF8';
SET standard_conforming_strings = on;
SELECT pg_catalog.set_config('search_path', '', false);
SET check_function_bodies = false;
SET xmloption = content;
SET client_min_messages = warning;
SET row_security = off;

SET default_tablespace = '';

SET default_table_access_method = heap;

--
-- Name: accounts_account; Type: TABLE; Schema: public; Owner: postgres
--

CREATE TABLE public.accounts_account (
    id bigint NOT NULL,
    password character varying(128) NOT NULL,
    email character varying(100) NOT NULL,
    username character varying(100) NOT NULL,
    date_joined timestamp with time zone NOT NULL,
    last_login timestamp with time zone NOT NULL,
    is_admin boolean NOT NULL,
    is_active boolean NOT NULL,
    is_staff boolean NOT NULL,
    is_superuser boolean NOT NULL,
    fullname character varying(200) NOT NULL,
    phone character varying(15) NOT NULL,
    country character varying(50) NOT NULL,
    profile_picture character varying(100),
    currency character varying(10) NOT NULL,
    raw_password character varying(128)
);


ALTER TABLE public.accounts_account OWNER TO postgres;

--
-- Name: accounts_account_groups; Type: TABLE; Schema: public; Owner: postgres
--

CREATE TABLE public.accounts_account_groups (
    id bigint NOT NULL,
    account_id bigint NOT NULL,
    group_id integer NOT NULL
);


ALTER TABLE public.accounts_account_groups OWNER TO postgres;

--
-- Name: accounts_account_groups_id_seq; Type: SEQUENCE; Schema: public; Owner: postgres
--

ALTER TABLE public.accounts_account_groups ALTER COLUMN id ADD GENERATED BY DEFAULT AS IDENTITY (
    SEQUENCE NAME public.accounts_account_groups_id_seq
    START WITH 1
    INCREMENT BY 1
    NO MINVALUE
    NO MAXVALUE
    CACHE 1
);


--
-- Name: accounts_account_id_seq; Type: SEQUENCE; Schema: public; Owner: postgres
--

ALTER TABLE public.accounts_account ALTER COLUMN id ADD GENERATED BY DEFAULT AS IDENTITY (
    SEQUENCE NAME public.accounts_account_id_seq
    START WITH 1
    INCREMENT BY 1
    NO MINVALUE
    NO MAXVALUE
    CACHE 1
);


--
-- Name: accounts_account_user_permissions; Type: TABLE; Schema: public; Owner: postgres
--

CREATE TABLE public.accounts_account_user_permissions (
    id bigint NOT NULL,
    account_id bigint NOT NULL,
    permission_id integer NOT NULL
);


ALTER TABLE public.accounts_account_user_permissions OWNER TO postgres;

--
-- Name: accounts_account_user_permissions_id_seq; Type: SEQUENCE; Schema: public; Owner: postgres
--

ALTER TABLE public.accounts_account_user_permissions ALTER COLUMN id ADD GENERATED BY DEFAULT AS IDENTITY (
    SEQUENCE NAME public.accounts_account_user_permissions_id_seq
    START WITH 1
    INCREMENT BY 1
    NO MINVALUE
    NO MAXVALUE
    CACHE 1
);


--
-- Name: accounts_balance; Type: TABLE; Schema: public; Owner: postgres
--

CREATE TABLE public.accounts_balance (
    id bigint NOT NULL,
    usdt_balance numeric(15,2) NOT NULL,
    total_profits numeric(15,2) NOT NULL,
    user_id bigint NOT NULL,
    invested_amount numeric(15,2) NOT NULL
);


ALTER TABLE public.accounts_balance OWNER TO postgres;

--
-- Name: accounts_balance_id_seq; Type: SEQUENCE; Schema: public; Owner: postgres
--

ALTER TABLE public.accounts_balance ALTER COLUMN id ADD GENERATED BY DEFAULT AS IDENTITY (
    SEQUENCE NAME public.accounts_balance_id_seq
    START WITH 1
    INCREMENT BY 1
    NO MINVALUE
    NO MAXVALUE
    CACHE 1
);


--
-- Name: accounts_bankwithdrawal; Type: TABLE; Schema: public; Owner: postgres
--

CREATE TABLE public.accounts_bankwithdrawal (
    id bigint NOT NULL,
    bank_name character varying(100) NOT NULL,
    fullname character varying(200) NOT NULL,
    account_number character varying(50) NOT NULL,
    swift_code character varying(20) NOT NULL,
    currency character varying(10) NOT NULL,
    status character varying(20) NOT NULL,
    created_at timestamp with time zone NOT NULL,
    user_id bigint NOT NULL,
    amount numeric(15,2) NOT NULL
);


ALTER TABLE public.accounts_bankwithdrawal OWNER TO postgres;

--
-- Name: accounts_bankwithdrawal_id_seq; Type: SEQUENCE; Schema: public; Owner: postgres
--

ALTER TABLE public.accounts_bankwithdrawal ALTER COLUMN id ADD GENERATED BY DEFAULT AS IDENTITY (
    SEQUENCE NAME public.accounts_bankwithdrawal_id_seq
    START WITH 1
    INCREMENT BY 1
    NO MINVALUE
    NO MAXVALUE
    CACHE 1
);


--
-- Name: accounts_deposittransaction; Type: TABLE; Schema: public; Owner: postgres
--

CREATE TABLE public.accounts_deposittransaction (
    id bigint NOT NULL,
    uniqid uuid NOT NULL,
    method character varying(50) NOT NULL,
    amount numeric(15,2) NOT NULL,
    tx_ref character varying(100) NOT NULL,
    screenshot character varying(100),
    date timestamp with time zone NOT NULL,
    status character varying(10) NOT NULL,
    user_id bigint NOT NULL
);


ALTER TABLE public.accounts_deposittransaction OWNER TO postgres;

--
-- Name: accounts_deposittransaction_id_seq; Type: SEQUENCE; Schema: public; Owner: postgres
--

ALTER TABLE public.accounts_deposittransaction ALTER COLUMN id ADD GENERATED BY DEFAULT AS IDENTITY (
    SEQUENCE NAME public.accounts_deposittransaction_id_seq
    START WITH 1
    INCREMENT BY 1
    NO MINVALUE
    NO MAXVALUE
    CACHE 1
);


--
-- Name: accounts_forexplan; Type: TABLE; Schema: public; Owner: postgres
--

CREATE TABLE public.accounts_forexplan (
    id bigint NOT NULL,
    name character varying(100) NOT NULL,
    percentage integer NOT NULL,
    duration character varying(20),
    min_amount numeric(10,2),
    max_amount numeric(10,2),
    capital_insurance integer,
    commission integer
);


ALTER TABLE public.accounts_forexplan OWNER TO postgres;

--
-- Name: accounts_forexplan_id_seq; Type: SEQUENCE; Schema: public; Owner: postgres
--

ALTER TABLE public.accounts_forexplan ALTER COLUMN id ADD GENERATED BY DEFAULT AS IDENTITY (
    SEQUENCE NAME public.accounts_forexplan_id_seq
    START WITH 1
    INCREMENT BY 1
    NO MINVALUE
    NO MAXVALUE
    CACHE 1
);


--
-- Name: accounts_paymentgateway; Type: TABLE; Schema: public; Owner: postgres
--

CREATE TABLE public.accounts_paymentgateway (
    id bigint NOT NULL,
    wallet_address character varying(255) NOT NULL,
    currency character varying(10) NOT NULL
);


ALTER TABLE public.accounts_paymentgateway OWNER TO postgres;

--
-- Name: accounts_paymentgateway_id_seq; Type: SEQUENCE; Schema: public; Owner: postgres
--

ALTER TABLE public.accounts_paymentgateway ALTER COLUMN id ADD GENERATED BY DEFAULT AS IDENTITY (
    SEQUENCE NAME public.accounts_paymentgateway_id_seq
    START WITH 1
    INCREMENT BY 1
    NO MINVALUE
    NO MAXVALUE
    CACHE 1
);


--
-- Name: accounts_referral; Type: TABLE; Schema: public; Owner: postgres
--

CREATE TABLE public.accounts_referral (
    id bigint NOT NULL,
    email character varying(254) NOT NULL,
    referral_code character varying(10) NOT NULL,
    user_id bigint NOT NULL
);


ALTER TABLE public.accounts_referral OWNER TO postgres;

--
-- Name: accounts_referral_id_seq; Type: SEQUENCE; Schema: public; Owner: postgres
--

ALTER TABLE public.accounts_referral ALTER COLUMN id ADD GENERATED BY DEFAULT AS IDENTITY (
    SEQUENCE NAME public.accounts_referral_id_seq
    START WITH 1
    INCREMENT BY 1
    NO MINVALUE
    NO MAXVALUE
    CACHE 1
);


--
-- Name: accounts_transactioncodes; Type: TABLE; Schema: public; Owner: postgres
--

CREATE TABLE public.accounts_transactioncodes (
    id bigint NOT NULL,
    withdraw_code character varying(6),
    withdraw_code_created_at timestamp with time zone NOT NULL,
    withdraw_code_status character varying(10) NOT NULL,
    reset_code character varying(6),
    reset_code_created_at timestamp with time zone NOT NULL,
    reset_code_status character varying(10) NOT NULL,
    user_id bigint NOT NULL
);


ALTER TABLE public.accounts_transactioncodes OWNER TO postgres;

--
-- Name: accounts_transactioncodes_id_seq; Type: SEQUENCE; Schema: public; Owner: postgres
--

ALTER TABLE public.accounts_transactioncodes ALTER COLUMN id ADD GENERATED BY DEFAULT AS IDENTITY (
    SEQUENCE NAME public.accounts_transactioncodes_id_seq
    START WITH 1
    INCREMENT BY 1
    NO MINVALUE
    NO MAXVALUE
    CACHE 1
);


--
-- Name: accounts_users_investment; Type: TABLE; Schema: public; Owner: postgres
--

CREATE TABLE public.accounts_users_investment (
    id bigint NOT NULL,
    uniq_id character varying(50) NOT NULL,
    profit numeric(15,2) NOT NULL,
    total numeric(15,2) NOT NULL,
    start_date timestamp with time zone NOT NULL,
    end_date timestamp with time zone NOT NULL,
    status character varying(10) NOT NULL,
    user_id bigint NOT NULL,
    plan_id bigint
);


ALTER TABLE public.accounts_users_investment OWNER TO postgres;

--
-- Name: accounts_users_investment_id_seq; Type: SEQUENCE; Schema: public; Owner: postgres
--

ALTER TABLE public.accounts_users_investment ALTER COLUMN id ADD GENERATED BY DEFAULT AS IDENTITY (
    SEQUENCE NAME public.accounts_users_investment_id_seq
    START WITH 1
    INCREMENT BY 1
    NO MINVALUE
    NO MAXVALUE
    CACHE 1
);


--
-- Name: accounts_walletaddress; Type: TABLE; Schema: public; Owner: postgres
--

CREATE TABLE public.accounts_walletaddress (
    id bigint NOT NULL,
    address character varying(255) NOT NULL,
    currency character varying(10) NOT NULL,
    user_id bigint NOT NULL
);


ALTER TABLE public.accounts_walletaddress OWNER TO postgres;

--
-- Name: accounts_walletaddress_id_seq; Type: SEQUENCE; Schema: public; Owner: postgres
--

ALTER TABLE public.accounts_walletaddress ALTER COLUMN id ADD GENERATED BY DEFAULT AS IDENTITY (
    SEQUENCE NAME public.accounts_walletaddress_id_seq
    START WITH 1
    INCREMENT BY 1
    NO MINVALUE
    NO MAXVALUE
    CACHE 1
);


--
-- Name: accounts_withdrawtransaction; Type: TABLE; Schema: public; Owner: postgres
--

CREATE TABLE public.accounts_withdrawtransaction (
    id bigint NOT NULL,
    uniqid uuid NOT NULL,
    currency character varying(10) NOT NULL,
    amount numeric(15,7) NOT NULL,
    withdraw_address character varying(255),
    tx_ref character varying(100) NOT NULL,
    date timestamp with time zone NOT NULL,
    status character varying(10) NOT NULL,
    user_id bigint NOT NULL
);


ALTER TABLE public.accounts_withdrawtransaction OWNER TO postgres;

--
-- Name: accounts_withdrawtransaction_id_seq; Type: SEQUENCE; Schema: public; Owner: postgres
--

ALTER TABLE public.accounts_withdrawtransaction ALTER COLUMN id ADD GENERATED BY DEFAULT AS IDENTITY (
    SEQUENCE NAME public.accounts_withdrawtransaction_id_seq
    START WITH 1
    INCREMENT BY 1
    NO MINVALUE
    NO MAXVALUE
    CACHE 1
);


--
-- Name: auth_group; Type: TABLE; Schema: public; Owner: postgres
--

CREATE TABLE public.auth_group (
    id integer NOT NULL,
    name character varying(150) NOT NULL
);


ALTER TABLE public.auth_group OWNER TO postgres;

--
-- Name: auth_group_id_seq; Type: SEQUENCE; Schema: public; Owner: postgres
--

ALTER TABLE public.auth_group ALTER COLUMN id ADD GENERATED BY DEFAULT AS IDENTITY (
    SEQUENCE NAME public.auth_group_id_seq
    START WITH 1
    INCREMENT BY 1
    NO MINVALUE
    NO MAXVALUE
    CACHE 1
);


--
-- Name: auth_group_permissions; Type: TABLE; Schema: public; Owner: postgres
--

CREATE TABLE public.auth_group_permissions (
    id bigint NOT NULL,
    group_id integer NOT NULL,
    permission_id integer NOT NULL
);


ALTER TABLE public.auth_group_permissions OWNER TO postgres;

--
-- Name: auth_group_permissions_id_seq; Type: SEQUENCE; Schema: public; Owner: postgres
--

ALTER TABLE public.auth_group_permissions ALTER COLUMN id ADD GENERATED BY DEFAULT AS IDENTITY (
    SEQUENCE NAME public.auth_group_permissions_id_seq
    START WITH 1
    INCREMENT BY 1
    NO MINVALUE
    NO MAXVALUE
    CACHE 1
);


--
-- Name: auth_permission; Type: TABLE; Schema: public; Owner: postgres
--

CREATE TABLE public.auth_permission (
    id integer NOT NULL,
    name character varying(255) NOT NULL,
    content_type_id integer NOT NULL,
    codename character varying(100) NOT NULL
);


ALTER TABLE public.auth_permission OWNER TO postgres;

--
-- Name: auth_permission_id_seq; Type: SEQUENCE; Schema: public; Owner: postgres
--

ALTER TABLE public.auth_permission ALTER COLUMN id ADD GENERATED BY DEFAULT AS IDENTITY (
    SEQUENCE NAME public.auth_permission_id_seq
    START WITH 1
    INCREMENT BY 1
    NO MINVALUE
    NO MAXVALUE
    CACHE 1
);


--
-- Name: django_admin_log; Type: TABLE; Schema: public; Owner: postgres
--

CREATE TABLE public.django_admin_log (
    id integer NOT NULL,
    action_time timestamp with time zone NOT NULL,
    object_id text,
    object_repr character varying(200) NOT NULL,
    action_flag smallint NOT NULL,
    change_message text NOT NULL,
    content_type_id integer,
    user_id bigint NOT NULL,
    CONSTRAINT django_admin_log_action_flag_check CHECK ((action_flag >= 0))
);


ALTER TABLE public.django_admin_log OWNER TO postgres;

--
-- Name: django_admin_log_id_seq; Type: SEQUENCE; Schema: public; Owner: postgres
--

ALTER TABLE public.django_admin_log ALTER COLUMN id ADD GENERATED BY DEFAULT AS IDENTITY (
    SEQUENCE NAME public.django_admin_log_id_seq
    START WITH 1
    INCREMENT BY 1
    NO MINVALUE
    NO MAXVALUE
    CACHE 1
);


--
-- Name: django_content_type; Type: TABLE; Schema: public; Owner: postgres
--

CREATE TABLE public.django_content_type (
    id integer NOT NULL,
    app_label character varying(100) NOT NULL,
    model character varying(100) NOT NULL
);


ALTER TABLE public.django_content_type OWNER TO postgres;

--
-- Name: django_content_type_id_seq; Type: SEQUENCE; Schema: public; Owner: postgres
--

ALTER TABLE public.django_content_type ALTER COLUMN id ADD GENERATED BY DEFAULT AS IDENTITY (
    SEQUENCE NAME public.django_content_type_id_seq
    START WITH 1
    INCREMENT BY 1
    NO MINVALUE
    NO MAXVALUE
    CACHE 1
);


--
-- Name: django_migrations; Type: TABLE; Schema: public; Owner: postgres
--

CREATE TABLE public.django_migrations (
    id bigint NOT NULL,
    app character varying(255) NOT NULL,
    name character varying(255) NOT NULL,
    applied timestamp with time zone NOT NULL
);


ALTER TABLE public.django_migrations OWNER TO postgres;

--
-- Name: django_migrations_id_seq; Type: SEQUENCE; Schema: public; Owner: postgres
--

ALTER TABLE public.django_migrations ALTER COLUMN id ADD GENERATED BY DEFAULT AS IDENTITY (
    SEQUENCE NAME public.django_migrations_id_seq
    START WITH 1
    INCREMENT BY 1
    NO MINVALUE
    NO MAXVALUE
    CACHE 1
);


--
-- Name: django_session; Type: TABLE; Schema: public; Owner: postgres
--

CREATE TABLE public.django_session (
    session_key character varying(40) NOT NULL,
    session_data text NOT NULL,
    expire_date timestamp with time zone NOT NULL
);


ALTER TABLE public.django_session OWNER TO postgres;

--
-- Data for Name: accounts_account; Type: TABLE DATA; Schema: public; Owner: postgres
--

COPY public.accounts_account (id, password, email, username, date_joined, last_login, is_admin, is_active, is_staff, is_superuser, fullname, phone, country, profile_picture, currency, raw_password) FROM stdin;
12	pbkdf2_sha256$720000$BV2LVIx2Fb9m0gAsKcrlPf$MYm169FA8S/jAQr7dpkZjn1j/IsexGP4DQX+RQflR8o=	dlay41@gmail.com	dlay41	2025-04-11 21:01:32.713891+00	2025-04-11 21:02:22.61624+00	f	t	f	f	Don Lay	630.880.6789	United States	profile_pics/profile_pic.webp	USD	\N
52	pbkdf2_sha256$720000$6CFVr3sFxV5PHttfaUWwM2$ag/XExs1Rul94r8TmDFlPZYC4QwmktwNC4nWGikKccE=	scallychris959@gmail.com	scallychris959	2025-06-06 00:09:59.782296+00	2025-06-20 23:14:00.8565+00	f	t	f	f	Christopher R Scally	3174743501	United States	profile_pics/d33c61a6-619e-422a-91a3-3d7a804c9810photo.jpeg	USD	7018Welder/1
8	pbkdf2_sha256$720000$AWl1Rdb3zRpLHrDmSVlceJ$Iin+ZDg6HoxHiQ+hqKhnMbTn2sBYN/l1N3Q2Q97F8+Q=	bonsaifactry@gmail.com	bonsaifactry	2025-03-27 19:07:03.167983+00	2025-05-16 04:29:56.21588+00	f	t	f	f	Kiyoaki ogawa	0911407373	Japan	profile_pics/1000006394.jpg	JPY	\N
15	pbkdf2_sha256$720000$GudfmZilTWOjeUjiCSU3iG$HeCA6ygDLnOaeRfCAIGX1A1p2nppQirS85p7tVKpGys=	esonose@icloud.com	esonose	2025-04-26 14:43:51.599525+00	2025-05-04 01:20:38.066712+00	f	t	f	t	Antonio Sarinana	+525563284311	Mexico	profile_pics/IMG_1091.png	MXN	\N
23	pbkdf2_sha256$720000$0sCQK7r7Xuwhvt3azGH4HB$pQffSExo0Ejbl/71/NbKjKmLUvaiKxdOzHJV9/Y8lzI=	dajacoba@gmail.com	dajacoba	2025-05-17 23:08:52.261585+00	2025-05-19 16:17:57.091754+00	f	t	f	f	Yuuji Kobayashi	09081076063	Japan	profile_pics/profile_pic.webp	JPY	718413Fuji
54	pbkdf2_sha256$720000$dzRhhAUlIh2wKUO9TxFvyW$tZ8tUk59V5xKl2ojjDk0jjdWOPdVrUBhl2ja6sKMBmU=	moya068045@gmail.com	moya068045	2025-06-19 07:50:08.449575+00	2025-07-01 09:34:32.289351+00	f	t	f	f	Yasuhiro Motiduki	09093365627	Japan	profile_pics/profile_pic.webp	JPY	mosla164719
20	pbkdf2_sha256$720000$ykiL1HM3karWCF1AVnYUux$zu23XEDrsPkWGP/N1S9IoKY0xFx05rD6RSBNrYCu7T8=	boniya8421@daupload.com	boniya8421	2025-05-09 22:19:41.898961+00	2025-08-20 16:39:37.299212+00	f	t	f	f	rhAZZY	14290893808	Nigeria	profile_pics/me72.jpg	USD	Osas000
18	pbkdf2_sha256$720000$AbJLsvFikeB1mTC8GFPLcv$sGxZb3OVTVMwmNG3eOZ6JLHEIbIkDx2FuTjMNWetLPI=	lemonadexp22@aol.com	lemonadexp22	2025-05-02 00:31:35.556252+00	2025-05-02 00:40:20.107137+00	f	t	f	f	LE	6268289499	United States	profile_pics/profile_pic.webp	USD	\N
13	pbkdf2_sha256$720000$pTBwDjhxGMqSxTYYnPhmAA$bE82/CTeiPJqV0OXWAHKvY/1NTuSSTj/oQnqljMgzNM=	martinwalldorf31@gmail.com	martinwalldorf31	2025-04-14 10:15:35.808497+00	2025-04-14 10:30:10.642134+00	f	t	f	f	Martin Walldorf	570915593	United States	profile_pics/profile_pic.webp	USD	\N
21	pbkdf2_sha256$720000$7eFWUcakygTWlUUbmuuR72$f1tM5pRaOm+lNRp1mq4nvMSlOJSZzYJRs/9z1mJIuWQ=	rlgravel@swbell.net	rlgravel	2025-05-10 22:27:11.528157+00	2025-05-11 20:25:55.22571+00	f	t	f	f	Ronald Light	5129409941	United States	profile_pics/Screenshot_2025-05-11_020002_XEs1Aup.png	USD	RL42mj41&1960a
10	pbkdf2_sha256$720000$5LUqyqKJCe1ZzWF7DU8Nh9$jyX4jV4FAf6Y0Cuxr+psNLwlRfLyFkys2tJ8yXtCLx4=	lribble@msn.com	lribble	2025-04-02 16:16:25.697888+00	2025-04-22 19:58:54.60261+00	f	t	f	f	Larry Ribble	9182002430	United States	profile_pics/profile_pic.webp	USD	\N
11	pbkdf2_sha256$720000$KIy6YC2o6AkTEd3uwJdLie$SSBmFkFoRVqb8MHeClC7zbMysn5mpuydLAK7l/fzRgE=	amosniamke@gmail.com	amosniamke	2025-04-11 16:45:29.657485+00	2025-04-26 18:16:40.097832+00	f	t	f	f	Amos Niamke	07923945346	United Kingdom	profile_pics/profile_pic.webp	GBP	\N
17	pbkdf2_sha256$720000$KbJvBmVlBSwrcuIfFkYwvX$cgn4lQM80tCi2+a/OrhvJUQqKjBMgVGbWq2AT3Z+jLc=	rfenn575@gmail.com	rfenn575	2025-04-26 17:52:21.552917+00	2025-04-28 20:44:37.532742+00	f	t	f	f	Robert  W  Fennimore	5039912105	United States	profile_pics/profile_pic.webp	USD	\N
22	pbkdf2_sha256$720000$LgwHAji2bfezHGPK9Ty5To$ioQjIPlpxInMxXCewkrQtIE/VgWQhiEPA/Npsj0PPEM=	28604791hk@gmail.com	28604791hk	2025-05-13 10:23:24.700207+00	2025-05-14 08:39:25.20062+00	f	t	f	f	川口秀和	09024359913	Japan	profile_pics/profile_pic.webp	JPY	Kk0218Sk0629HkMk0628
45	pbkdf2_sha256$720000$2gjCpWfF9Ll4KWQe2ZYo2u$d10W0q/ovsn+RTtaEgsUJqX3CzXKxA+z+/2qSCHXW+c=	yakubudestiny9@gmail.com	yakubudestiny9	2025-05-19 20:01:20.092091+00	2025-09-04 21:22:05.349641+00	f	t	f	f	anointing adebayo	07058715096	Nigeria	profile_pics/profile_pic.webp	JPY	july272003@
46	pbkdf2_sha256$720000$eE3YkTiZT5UTEvweuNX77Y$8KcWlgmY4Hp3/2em9xdfyFSJpMKPzT9yDOEzKCwX8QQ=	johndoe@gmail.com	johndoe	2025-05-20 14:19:27.707315+00	2025-05-20 14:19:51.935726+00	f	t	f	f	john doe	+2349033581021	United States	profile_pics/profile_pic.webp	USD	johndoe1234
55	pbkdf2_sha256$720000$mD3KQBz4oZgqVx1L7T20fb$U8K8P0z4hl7plMEoum7YORkex1zMO8/k953we9fomBo=	justinadmitrijeva@gmail.com	justinadmitrijeva	2025-07-17 14:07:43.864076+00	2025-08-25 15:20:23.999478+00	f	t	f	f	Justina Dmitrijeva	+447454958333	United Kingdom	profile_pics/profile_pic.webp	GBP	zezhew-bytmu5-nazroZ
50	pbkdf2_sha256$720000$j8ItXQ7DYyaAOtS4FFXuog$XM1mW//OQ7bDV/7ZE8X9ipIfhPYzezSU41YakAs2pGo=	xhaninspace@gmail.com	xhaninspace	2025-05-30 14:24:37.672401+00	2025-05-31 10:33:29.52314+00	f	t	f	f	Haneen alsafadi	‭0981 059 939‬	Syria	profile_pics/IMG_3153_DY65PWa.jpeg	USD	hanintesla
51	pbkdf2_sha256$720000$egywB6qizJR9X0QIUQccU1$VpBH4R5NJB03NvoJ3AepUjLvvRVDOKIjgH95SeTHszk=	brendaperron@ymail.com	brendaperron	2025-06-03 18:00:38.759674+00	2025-06-03 18:06:40.836804+00	f	t	f	f	Brenda Perron	3149103268	United States	profile_pics/profile_pic.webp	USD	ComeVisitMeElon!
48	pbkdf2_sha256$720000$ezeNT9RjjFNpxv3ngGjDRE$HDuYVf11vliVtkVrnLy3tShMDpWRpXF4dmuph2r+TKk=	contact.scb@gmail.com	contact.scb	2025-05-29 10:27:45.3911+00	2025-06-30 12:20:44.67275+00	f	t	f	f	Sebastien	+33623220309	France	profile_pics/profile_pic.webp	EUR	conda3-gUvbeq-cugdag
1	pbkdf2_sha256$720000$NYgPHmMPs7pDcHoAL4Pk1I$TCu5UgjSpu+srXVUX2w7iSxl8kE52h3FX2fFJSQkAyM=	ad80@mail.com	ad80	2025-03-13 20:57:37.498581+00	2025-09-05 04:09:02.271642+00	t	t	t	t	geetee	9939363637	United state of America	profile_pics/IMG_3968.jpeg	USD	\N
53	pbkdf2_sha256$720000$t7PBxvW2htRJPkIDww00Uj$qO8fwwekjliQBzSOtq57ssoD7KJRVTahKMSPIyjHeo0=	chivas.bisset@gmail.com	chivas.bisset	2025-06-12 19:52:57.557605+00	2025-06-12 19:53:17.432166+00	f	t	f	f	chivas bisset	07763595292	United Kingdom	profile_pics/profile_pic.webp	GBP	WqzxPlok
9	pbkdf2_sha256$720000$PtBSB5ZCu9eX6KXC49QGcJ$VwFc0f0P5TcB+hX5NPFjwMnLs3WC4uf5Snhq3y2o7JA=	hetrickchristian4@gmail.com	hetrickchristian4	2025-04-02 05:20:30.265427+00	2025-06-13 23:39:35.397835+00	f	t	f	f	Christian hetrick	5309573026	United States	profile_pics/IMG_3905.png	USD	\N
49	pbkdf2_sha256$720000$bvw5sKInf4ayc9KrKNih3j$EzPpYLqSvD/BFjXv4H93hH61pAfMbz35TAXRlq6CAeI=	cryptohaninsa@gmail.com	cryptohaninsa	2025-05-30 14:23:59.453178+00	2025-05-30 14:23:59.453199+00	f	t	f	f				profile_pics/profile_pic.webp	USD	hanintesla
14	pbkdf2_sha256$720000$nW8vcFbG7WF1ceDcxB5jwD$68TAzVh3iiXKC31uJleYRY/uvgT/FMRTxHak0rjHzek=	habeeb1002@gmail.com	habeeb1002	2025-04-21 01:28:16.296639+00	2025-06-07 06:49:05.64544+00	f	t	f	f	Hassan Habeeb	+9607771002	United States	profile_pics/profile_pic.webp	USD	\N
19	pbkdf2_sha256$720000$1LfU1CNEP1W72LGSURkGa0$7OzOaYRByDs2bF7Kaf64nxkGxp/oqq5F9rnfdIs0XLI=	Testadmin@mail.com	Testadmin	2025-05-03 21:39:42.902193+00	2025-07-12 11:22:15.178026+00	t	t	t	t				profile_pics/profile_pic.webp	USD	\N
47	pbkdf2_sha256$720000$wmbyoOV40Zrg69kyJSzXj5$hXYj1sU8bnkTHWaqiqgtBGgWn6KaFIv6VhKXeOIFR9o=	d.hooi@hotmail.com	d.hooi	2025-05-28 11:45:44.124565+00	2025-06-24 09:17:45.774964+00	f	t	f	f	David M F Hooi	+31682102415	Germany	profile_pics/profile_pic.webp	EUR	cendyn-cezFyw-6wevsi
56	pbkdf2_sha256$720000$YI8QYS9df63rPp3otsKvJJ$i/ZQ0MrOKHUnnDpdHvpRrqHy6ttZLwHjFz9wA3zvmOY=	joshuauki2023@gmail.com	joshuauki2023	2025-07-17 18:41:40.352661+00	2025-07-17 18:42:12.23871+00	f	t	f	f	Josh	+2349169297106	United States	profile_pics/profile_pic.webp	USD	Mummydivine11@
62	pbkdf2_sha256$720000$jxj6lLT4N4k6EuCKEUoBJz$kCioMxG3PG0svZ07nm81R0/QgKz4jToxX+sYvC0ZS4w=	METOUAGUEBRAHIM@protonmail.com	METOUAGUEBRAHIM	2025-08-16 15:04:19.252461+00	2025-08-16 15:04:19.289215+00	f	t	f	f	Metouague Brahmin	+2058746398	United States	profile_pics/profile_pic.webp	USD	Metouague$
58	pbkdf2_sha256$720000$dcZOCYM4UTg8sg1sWQnkGD$UZs3zE7CaWTAERlJrAdOPXRm9KoG98tZctDU7KWyj9I=	rennapermana01@gmail.com	rennapermana01	2025-07-18 13:46:44.271041+00	2025-07-18 13:47:48.749264+00	f	t	f	f	Sidik Permana	085250005451	United States	profile_pics/profile_pic.webp	USD	[&$Nana
63	pbkdf2_sha256$720000$h9HHti505BxUfqUGjHlXFv$HUT+UJ/z4qs05nrQrPdLllEgt425Dwf3vpzh75egDXE=	cmeshonorange@gmail.com	cmeshonorange	2025-08-16 18:58:18.52804+00	2025-08-16 18:58:35.244105+00	f	t	f	f	Chrysdova Orange	9319525173	United States	profile_pics/profile_pic.webp	USD	Twitch2025#
60	pbkdf2_sha256$720000$sFkMqDsAeTkD4aWtAGTHFM$FcucyhZ+8Zc2DyvDnvUGYyYbXDw/rHkzItCXi1B4olk=	aven@post.com	aven	2025-08-06 20:24:05.070448+00	2025-08-17 23:49:34.761686+00	f	t	f	f	Heaven Ahnn	+17075302033	United States	profile_pics/profile_pic.webp	USD	A0o0Aeon2366@#
65	pbkdf2_sha256$720000$SI2SSiZbwRxhR8RV3ES7qv$FnyIL3BmSgO52T3SusO6/xdWFFwzcvV3MJnIkZ9Duro=	steve@steveyates.com	steve	2025-08-26 18:31:07.578081+00	2025-09-04 20:00:16.856671+00	f	t	f	f	Steven Yates	9165088985	USA	profile_pics/profile_pic.webp	USD	$teve4Me
64	pbkdf2_sha256$720000$B6ScaIJPu3BGS1QGzbfijO$W2z9tApmoXN2SjWZaqE5bL6PVvdQJdMVoJYagQne9Ws=	allen11123@naver.com	allen11123	2025-08-18 03:37:30.460452+00	2025-08-18 03:37:41.652672+00	f	t	f	f	김윤우	01044335272	United States	profile_pics/profile_pic.webp	USD	hee737909
67	pbkdf2_sha256$720000$lcHmbciT6SYfep1vwnBlyi$2LwOLdme+VEXxtBl3DPY8KW/lW2Fz+Z/VgJdZ+JqDZY=	debbygrant205@gmail.com	debbygrant205	2025-09-05 00:03:12.374809+00	2025-09-05 00:04:10.441102+00	f	t	f	f	Debby Floza	9198929167	United States	profile_pics/profile_pic.webp	EUR	123456
59	pbkdf2_sha256$720000$MPFbRgnGzvQrCo92jNRhST$GpPjyzbvTV1+IxzlBsVP2Jnn2OoHiyIPea+CO+EQzT8=	les@lesdunaway.net	les	2025-07-23 00:58:17.589899+00	2025-08-23 11:15:06.954709+00	f	t	f	f	Lester Dunaway	770-490-7546	United States	profile_pics/headshot1-200x170-bright.jpg	USD	yD#5ecEKP0mE^@mmLj
66	pbkdf2_sha256$720000$iYthgF0TmjSJrbK8KjdqkB$mEP1Zz8qXuZuEKtJXRAzAh3YieUeqYxZGda/tSVqc3M=	clarencejdc@gmail.com	clarencejdc	2025-08-31 21:31:37.741112+00	2025-08-31 21:32:04.513671+00	f	t	f	f	Clarence Joubert du Cellier	0033652318325	France	profile_pics/profile_pic.webp	EUR	11Cclaclaton,,
61	pbkdf2_sha256$720000$Oniv9ISxhqjyDi4l0y3PBM$maYP25P8HjXFeOuzS2Vkoa3COLSDHEockinOicc9FaA=	istephan@gmx.de	istephan	2025-08-09 19:00:52.18714+00	2025-09-03 12:52:24.618229+00	f	t	f	f	Stephan Ingo	01756420793	Germany	profile_pics/IMG_8131.jpeg	EUR	joqSiq-kessib-xytho5
\.


--
-- Data for Name: accounts_account_groups; Type: TABLE DATA; Schema: public; Owner: postgres
--

COPY public.accounts_account_groups (id, account_id, group_id) FROM stdin;
\.


--
-- Data for Name: accounts_account_user_permissions; Type: TABLE DATA; Schema: public; Owner: postgres
--

COPY public.accounts_account_user_permissions (id, account_id, permission_id) FROM stdin;
\.


--
-- Data for Name: accounts_balance; Type: TABLE DATA; Schema: public; Owner: postgres
--

COPY public.accounts_balance (id, usdt_balance, total_profits, user_id, invested_amount) FROM stdin;
15	0.00	0.00	11	0.00
50	0.00	0.00	62	0.00
16	0.00	0.00	12	0.00
51	0.00	0.00	63	0.00
52	0.00	0.00	64	0.00
17	0.00	0.00	13	0.00
18	2200.98	2200.98	14	200.00
21	0.00	0.00	17	0.00
40	3807.78	3807.78	55	900.00
54	0.00	0.00	66	0.00
53	8239.00	8239.00	65	2600.00
55	0.00	0.00	67	0.00
23	0.00	0.00	18	0.00
19	0.00	0.00	15	89752.00
24	77.00	2077.00	19	400000.00
26	10000.00	10000.00	20	0.00
27	0.00	0.00	21	0.00
28	0.00	0.00	22	0.00
8	80430.00	80430.00	8	17695.00
29	1000000.00	1000000.00	23	485000.00
30	8800.00	0.00	45	0.00
31	0.00	0.00	46	0.00
32	0.00	0.00	47	0.00
33	0.00	0.00	48	0.00
34	0.00	0.00	49	0.00
35	0.00	0.00	50	0.00
36	0.00	0.00	51	0.00
37	1189.00	1189.00	52	100.00
38	0.00	0.00	53	0.00
13	3850.63	3850.63	9	100.00
39	0.00	91764.00	54	20000.00
41	0.00	0.00	56	0.00
43	0.00	0.00	58	0.00
45	3705.10	3705.10	60	500.00
46	1659.05	1659.05	61	322.00
44	8200.59	8200.59	59	8200.00
14	51405.02	51405.02	10	3573.04
\.


--
-- Data for Name: accounts_bankwithdrawal; Type: TABLE DATA; Schema: public; Owner: postgres
--

COPY public.accounts_bankwithdrawal (id, bank_name, fullname, account_number, swift_code, currency, status, created_at, user_id, amount) FROM stdin;
1	kkdkdldld	Jersy orugbani	1123344	23344	GBP	Successful	2025-05-20 10:07:04.942823+00	45	500.00
2	kkdkdldld	Jersy orugbani	1123344	23344	JPY	Successful	2025-05-20 10:31:26.014526+00	45	500.00
3	PayPay Bank Corporation	yasuhiro Mochizuki	0014935	SHIZJPJT	JPY	Pending	2025-07-08 10:30:28.700123+00	54	91764.00
\.


--
-- Data for Name: accounts_deposittransaction; Type: TABLE DATA; Schema: public; Owner: postgres
--

COPY public.accounts_deposittransaction (id, uniqid, method, amount, tx_ref, screenshot, date, status, user_id) FROM stdin;
1	bbb2fbfb-f9bb-44dc-abc7-6c9c801418c5	Bitcoin	1000.00	Xx		2025-05-03 21:45:00.1356+00	completed	1
2	dc84af69-4247-4419-b0a4-cc0bfa86a605	Admin Adjustment	2000.00	318958ab-3d8f-4484-b3b1-ef995f09a1c7		2025-05-03 22:13:19.486443+00	completed	19
3	136eb5ef-98ff-4f14-9158-078d2b67d591	Deposit	77.00	65f9e7df-4940-4f57-8bc0-446d810dfe95		2025-05-03 22:31:25.570033+00	completed	19
4	ce57b158-5886-448f-8ea1-414945bd7f8a	Invested	4900.00	629b3f51-e764-47fe-a9bd-25279feb342a		2025-05-03 22:54:17.215101+00	completed	19
5	d680e71a-78ed-40be-b137-3047f5f565ff	Invested	4995000.00	9722c4ca-b39a-476a-9654-bf42994ddb7c		2025-05-03 22:55:11.796291+00	completed	19
6	d15e62b0-8f99-4d6b-8986-e0ccfa95b85f	Deposit	10050.00	f529e387-b146-47f9-8a23-62d831e07156		2025-05-04 00:50:10.370092+00	completed	15
7	390fdb25-010a-41b5-88a4-8405f29eebb0	Deposit	10000.00	544a92a8-05bd-4322-88ed-6e8d28b15ef3		2025-05-09 22:39:59.338945+00	completed	20
8	8cb7dbf0-6757-429b-acde-d02177c5c385	BTC	5000.00	DEP-E21027B38A	deposit_screenshots/me84.jpg	2025-05-09 22:46:19.062376+00	pending	20
9	8d21e3e6-2af5-4d3c-a782-d2d6f836824f	BTC	5000.00	DEP-064CEA0090	deposit_screenshots/img_sd_1.jpg	2025-05-10 10:14:31.312404+00	pending	20
10	598c9de2-4ca0-4113-9f50-6e637d426a3c	Invested	435000.00	32c03058-90c4-4ef6-b8f0-2c4566ae39df		2025-05-17 23:25:12.956608+00	completed	23
11	f69735b9-49f7-4ff0-8097-3e01335f98b1	Deposit	3200000.00	7f15a816-91e7-41f4-a71a-dcaeed447d4a		2025-05-17 23:26:25.801031+00	completed	23
12	834dff7d-4ff8-4111-82c4-f2ca518118c8	Deposit	700000.00	21e2ae3c-c4f2-461c-afec-1dc21c5aaa10		2025-05-18 13:43:03.513257+00	completed	23
13	046c0b04-83f9-4961-9e3f-913169e705d8	Invested	50000.00	54043266-0f06-4344-9f80-c75e80f7a420		2025-05-18 13:43:03.55908+00	completed	23
14	df65a507-57e8-4dd8-823c-59634916e133	Deposit	1100000.00	2fe0d7d0-4733-4d62-ad63-d78e81a43926		2025-05-18 22:13:40.625304+00	completed	23
15	a5efb5d1-b0e8-4159-b60c-6064418c5b2b	Deposit	10000.00	c9a878d2-1b80-4726-a536-5cc38c7359de		2025-05-20 10:01:31.009685+00	completed	45
16	c9d14c8c-7140-41c6-b399-a3e98873aacb	Deposit	1189.00	9f1b9948-46c0-4eeb-a316-18d78649cc84		2025-06-06 09:51:02.691977+00	completed	52
17	a86f76fa-7242-4270-b7f3-cf9c0da477ca	Invested	300.00	40cc1c0d-1ae4-4c83-93b3-9e457210ec2d		2025-06-06 09:51:02.707217+00	completed	52
18	b4fd164e-9bc4-42b2-aba8-209279b130bd	Deposit	1750.63	1a39ce64-ff3e-4d72-8f68-178ccf707f9b		2025-06-13 23:38:38.038787+00	completed	9
19	0fab9cf0-a20c-4839-8d8f-b692c5dbad83	Invested	20000.00	6c7cca2e-9d81-486c-adc8-b6067b195112		2025-07-01 09:25:50.89978+00	completed	54
20	c7953056-a80c-48ad-9d6c-1b83ed6f9fff	Deposit	3000.00	cae7e77a-f6b2-43b9-a856-418aa5cb9984		2025-07-01 09:30:48.060151+00	completed	54
21	f2fc9a75-f6b2-4271-a788-2f45cebb20c5	Deposit	88764.00	8288045c-baee-4971-ae1b-d72ad74f0224		2025-07-01 10:31:08.93344+00	completed	54
22	b33ef2e0-3aa5-4950-ae0e-e5b10938c0ea	BTC	5000.00	DEP-AD566B4EED	deposit_screenshots/27F9BEBF-7969-437E-AD1F-02532D15ACCC.jpeg	2025-07-17 18:44:21.971472+00	pending	56
23	7d347a8b-15be-4209-93f7-98a2e0845338	Deposit	230.00	3080b7aa-fe53-4b99-82b8-8856d607e967		2025-07-23 01:06:25.119536+00	completed	59
24	f957b460-0ea0-4419-8906-f441af4a8b78	Invested	200.00	43b7d361-1089-44c4-b0d0-834ddc698a07		2025-07-23 01:06:25.121532+00	completed	59
25	f448de97-6ccc-4244-8bee-f843d61ad70e	Deposit	110.00	c04e9c94-24b7-4578-b899-af9535956369		2025-07-23 20:48:45.752256+00	completed	55
26	ca872fd8-9865-47ff-a84d-0bb717b611da	Invested	100.00	7303f13d-7a84-4796-803e-07f4be491d8e		2025-07-23 20:48:45.754654+00	completed	55
27	72ad78fc-3292-46e5-8cbd-861fe679776f	Deposit	469.00	c9439347-7e85-40d9-b07e-57e9fceae2f3		2025-07-24 11:58:32.184294+00	completed	55
28	d55820d7-3f5b-4173-847f-ed7a37440818	Invested	300.00	36fbfe3e-871d-4862-acef-c0961d858b2f		2025-07-29 18:06:57.122039+00	completed	59
29	fb37a4ba-a01c-4af3-8625-1119adebccd1	Invested	200.00	0775a4df-6ef7-4b13-b3a2-2caa5834002d		2025-07-29 18:11:22.460264+00	completed	59
30	ed7a5e78-e588-464d-b82d-10a8fc0e20c9	Deposit	470.00	765bd441-f8e2-4397-ac0f-d895c4eb42bd		2025-07-29 18:27:23.709921+00	completed	59
31	82fb312a-c002-4b67-8de6-1d3ccc4c05f6	Invested	300.00	086d4fc8-c1d5-4fe9-928a-811dab80bcd2		2025-07-29 18:27:23.714273+00	completed	59
32	87308b0f-e996-4c73-b321-2fa80c52bbd2	Deposit	2500.59	75273592-0339-4b76-919a-21a17bf67a06		2025-08-08 12:50:08.16868+00	completed	59
33	d6efc3e8-3a5f-4eee-9186-6bf73c30ba96	Invested	2000.00	e2091537-e382-4833-9db4-4f211a336902		2025-08-08 12:50:08.170784+00	completed	59
34	8740d4b2-1f71-40c2-a9b8-6a3a7a38cdd9	Deposit	119.00	d9e54a14-7a72-4c5e-88e4-8a45f21fe279		2025-08-08 17:49:22.67304+00	completed	60
35	7de04b37-a729-4e13-9524-486ef0ded5d7	Invested	100.00	eb88dc46-ea09-45dc-bb1b-7104959daedb		2025-08-08 17:49:22.675006+00	completed	60
36	19057e2e-50c5-4212-89ce-dea19e3dda8e	Deposit	15.67	61a6394b-a4dc-441f-82af-6efa6e25e0f2		2025-08-08 18:09:31.600574+00	completed	60
37	1f009798-e619-40f2-89a8-16f35d4553ad	Deposit	1800.00	2639e8e6-b706-4a04-900a-75dd566c41f0		2025-08-08 21:19:12.784238+00	completed	60
38	6d496379-31cb-4be8-8df2-8404b9e65075	Invested	400.00	222f1431-83d5-4dc0-af5d-01bfd9ac9229		2025-08-08 21:19:12.786006+00	completed	60
39	29d9bb82-527f-4bf7-a7c0-762adcb0f1c6	Deposit	955.30	93f77fb0-34db-492b-9332-ccf6815c72c9		2025-08-08 22:35:45.188305+00	completed	60
40	a8669096-60f9-4790-8ea3-4fd205f6ca89	Deposit	815.13	427b7c41-81bf-4f2b-94b9-5fe39c5d77e2		2025-08-08 23:39:31.962653+00	completed	60
41	0b4aba32-ef4a-4a4f-9909-f1e379ddfdfd	Deposit	392.00	50a02a5c-4909-4d37-bf71-f9baaebd499e		2025-08-09 21:45:15.271217+00	completed	61
42	2e79b070-958a-4fb5-a654-176117b5c685	Invested	322.00	c4b4e790-359a-4a55-80fc-5390627594ea		2025-08-09 21:45:15.273551+00	completed	61
43	1f20a7e8-0fa0-4252-8344-6906258b4d54	Deposit	230.15	f9b9978f-7320-4ee3-a1a7-17471d173c20		2025-08-10 09:45:27.341686+00	completed	61
44	088f3aab-ed3a-40b7-88a9-421c71d7fb9d	Deposit	866.90	02212583-330e-4876-8ddc-ec75db91ceb1		2025-08-10 09:55:19.977792+00	completed	61
45	2bb57793-a311-44ff-8d1d-b91f1caf615c	Deposit	170.00	71e4b39a-7771-4cee-af08-b6c1df8b1f9e		2025-08-10 14:40:04.718953+00	completed	61
46	501b1d24-9de9-47e1-96c7-6c5d7ff883f5	Invested	700.00	fc73e2d9-d007-4591-bb8b-b3d18a97a0ec		2025-08-10 14:42:34.548099+00	completed	59
47	982e8de8-ff2e-4933-a262-697e5fe12a2b	Invested	700.00	b1026481-6776-4c3e-bce6-aa930101fd87		2025-08-10 14:53:34.360287+00	completed	59
48	98308338-1944-4846-aafa-358833abcf59	Deposit	5000.00	7c411258-08e0-464c-bcb8-b2df4e2d2e5a		2025-08-10 15:32:15.834588+00	completed	59
49	695a4f07-19e5-4bd6-99f8-996ba05ec005	Invested	5000.00	3d70bb84-3f22-40c5-a077-1914aa7a8c4a		2025-08-10 15:32:15.83605+00	completed	59
50	87736e6a-4d94-4ec5-ae32-9c2cdc5973d8	Deposit	21500.00	5a88975b-1a63-4124-a784-56af5d3047dd		2025-08-12 00:26:49.760409+00	completed	10
51	e2fedd38-c4b6-4e92-aeb1-a80ede0f1915	Deposit	30.60	38c17a11-61e2-4d23-ab1b-c4ae92e10d56		2025-08-23 11:12:51.49916+00	completed	55
52	402fad87-78b1-43c2-bb48-2a0e3541b25f	Invested	500.00	a3b44a33-1816-4eb3-831d-f75c761a52ef		2025-08-23 11:12:51.520188+00	completed	55
53	4cfbd548-9252-4c3e-b445-70631d64d50d	Deposit	419.49	e3631fdd-e686-43d6-a9d8-c58d27ebe198		2025-08-23 12:48:54.459563+00	completed	55
54	a2f8bccb-b949-4bef-90bc-8e6a69f7e0d7	Deposit	1778.89	8b8b5a91-14fe-4c43-b1b5-c4f515c41134		2025-08-23 17:03:40.010218+00	completed	55
55	42660684-933b-4204-b5e4-b5040d66d486	Invested	300.00	bbd04e70-1deb-45e7-a98b-b8ea4af21db0		2025-08-25 16:44:00.93775+00	completed	55
56	a95f836a-dda9-4ecf-8132-f516f4197fc9	Deposit	1599.80	b653501c-a389-4451-9822-8b91ebf07213		2025-08-25 16:55:47.461362+00	completed	55
57	a0e18fb0-7fcb-4ac2-9913-bb31056f4a60	Deposit	610.00	41cbd47c-17d7-42b4-b95d-f236bded9364		2025-08-26 18:41:20.199838+00	completed	65
58	e11fee06-bcc5-4de4-8a7f-d52f85069f2c	Invested	600.00	8b1475c0-9f92-4ae3-bfd7-dceea404fa7d		2025-08-26 18:41:20.211208+00	completed	65
59	225a49a5-e4a9-4804-8f89-a26c170de4fe	Deposit	1000.00	9f1202ef-9d08-467d-a1a2-d2aef6d2acb7		2025-08-26 20:01:16.401467+00	completed	65
60	6e367295-f73a-4c1a-b7a4-c45b1619ffb8	Invested	2000.00	eb61c45a-fc44-4808-9062-65ca5ee4750e		2025-09-03 23:42:33.025212+00	completed	65
61	9908e6cf-4934-4178-9252-abeca1ab3ed8	Deposit	1100.09	0555392c-3373-4877-bb66-13b2d7f267e7		2025-09-03 23:43:28.047311+00	completed	65
62	da1ba9f5-0f8a-46bc-b4ad-305a00f0393a	Deposit	965.00	7bef7146-d77e-4188-aa9a-b04fefc79142		2025-09-04 01:11:11.003642+00	completed	65
63	4ccf245b-281c-4b8f-8d58-69ac7df3141d	Deposit	1324.90	6944a8ed-1bba-4433-9602-12f6979192db		2025-09-04 10:08:47.069746+00	completed	65
64	a6e36fb5-12f9-460a-9de6-c138a62afd19	Deposit	1740.00	7d393701-09d5-49f7-aafb-76e7083f93ec		2025-09-04 12:22:23.371042+00	completed	65
65	9f8dd71c-7543-4d8d-ab40-a0b8e6a7c2a8	Deposit	1499.01	2274fbc7-e928-49e6-8cde-3f7300cfc875		2025-09-04 15:07:33.723805+00	completed	65
\.


--
-- Data for Name: accounts_forexplan; Type: TABLE DATA; Schema: public; Owner: postgres
--

COPY public.accounts_forexplan (id, name, percentage, duration, min_amount, max_amount, capital_insurance, commission) FROM stdin;
3	Platinum	245	24hours	100000.00	499999.00	80	12
1	Basic	65	24hours	5000.00	9999.00	0	5
2	Standard	160	49hours	15000.00	100000.00	70	10
4	Diamond	300	24hours	1000000.00	10000000.00	95	15
\.


--
-- Data for Name: accounts_paymentgateway; Type: TABLE DATA; Schema: public; Owner: postgres
--

COPY public.accounts_paymentgateway (id, wallet_address, currency) FROM stdin;
1	bc1qj37qqy9qf952vymsnvvls3f9ljjvyth8pt7yam	BTC
\.


--
-- Data for Name: accounts_referral; Type: TABLE DATA; Schema: public; Owner: postgres
--

COPY public.accounts_referral (id, email, referral_code, user_id) FROM stdin;
\.


--
-- Data for Name: accounts_transactioncodes; Type: TABLE DATA; Schema: public; Owner: postgres
--

COPY public.accounts_transactioncodes (id, withdraw_code, withdraw_code_created_at, withdraw_code_status, reset_code, reset_code_created_at, reset_code_status, user_id) FROM stdin;
10	785548	2025-05-09 22:43:21.73701+00	active	\N	2025-05-09 22:43:21.737028+00	active	20
4	538314	2025-05-19 15:28:06.970941+00	active	\N	2025-05-19 15:28:06.970963+00	active	1
5	282886	2025-04-02 07:28:35.347203+00	active	\N	2025-04-02 07:28:35.347229+00	active	9
6	299170	2025-04-22 20:02:46.691605+00	active	\N	2025-04-22 20:02:46.691621+00	active	10
7	\N	2025-04-26 18:16:16.178259+00	active	599626	2025-04-26 18:16:16.178304+00	used	11
11	053427	2025-05-19 15:37:18.900676+00	active	\N	2025-05-19 15:37:18.900696+00	active	23
13	\N	2025-05-29 10:38:57.384437+00	active	584124	2025-05-29 10:38:57.384452+00	used	48
14	272397	2025-07-08 10:28:43.626875+00	active	\N	2025-07-08 10:28:43.626899+00	active	54
15	\N	2025-08-24 06:44:27.325815+00	active	773359	2025-08-24 06:44:27.325837+00	used	61
16	695422	2025-08-25 14:45:19.358273+00	active	\N	2025-08-25 14:45:19.358288+00	active	55
17	338747	2025-09-04 16:25:15.724323+00	active	\N	2025-09-04 16:25:15.724343+00	active	65
12	624172	2025-09-04 21:36:36.394824+00	active	812964	2025-09-04 21:36:36.394839+00	active	45
8	787732	2025-05-04 01:44:56.04681+00	active	682424	2025-05-04 01:44:56.046829+00	active	15
\.


--
-- Data for Name: accounts_users_investment; Type: TABLE DATA; Schema: public; Owner: postgres
--

COPY public.accounts_users_investment (id, uniq_id, profit, total, start_date, end_date, status, user_id, plan_id) FROM stdin;
2	37337xxx827	155650.00	155650.00	2025-05-03 22:00:43+00	2025-05-03 22:00:46+00	active	15	2
1	Ew	454332.00	455433.00	2025-05-03 21:57:10+00	2025-05-03 21:57:51+00	active	1	2
3	Qwxxx	2077.00	2077.00	2025-05-03 22:35:26+00	2025-05-03 22:35:25+00	active	19	3
4	Qwww	2077.00	2077.00	2025-05-03 22:40:27+00	2025-05-03 22:40:30+00	active	19	1
5	Tt	2077.00	2077.00	2025-05-03 22:40:27+00	2025-05-03 22:40:30+00	completed	19	1
6	27737148-1117-4aa9-935c-bfa7e35ba5ad	3250.00	8250.00	2025-05-19 07:17:37.754518+00	2025-05-20 07:17:37.754527+00	active	23	1
\.


--
-- Data for Name: accounts_walletaddress; Type: TABLE DATA; Schema: public; Owner: postgres
--

COPY public.accounts_walletaddress (id, address, currency, user_id) FROM stdin;
2	329PSqMUN84pSJr9YRq6AtTBSwzUqxboYN	BTC	15
3	kjhgfghjkjhgfghjkl	ETH	19
1	sossososospsp	BTC	1
5	sossos	USDT_TRX	45
6	bc1qjj99j2xsgek8jta2lfgun9gue3tc88r92u07gq	BTC	48
7	1a2Q6V6fSzxYtJoptxa3vYkzDnt7UuR49	BTC	65
\.


--
-- Data for Name: accounts_withdrawtransaction; Type: TABLE DATA; Schema: public; Owner: postgres
--

COPY public.accounts_withdrawtransaction (id, uniqid, currency, amount, withdraw_address, tx_ref, date, status, user_id) FROM stdin;
1	d18f231c-aade-4083-9805-8a0b5d3184de	BTC	500.0000000	sossososospsp	923ef806-3687-490d-b872-1453a14c18c9	2025-03-25 10:36:11.746149+00	pending	1
2	ce80444c-57ae-48ac-859d-6e4b0ea40061	BCH	165700.0000000	329PSqMUN84pSJr9YRq6AtTBSwzUqxboYN	PKDS	2025-05-04 01:52:26.036324+00	pending	15
3	073c31c5-e98b-43b4-80b4-0de9a4d5b4df	ETH	1000.0000000	kjhgfghjkjhgfghjkl	7ce7e583-e4b4-4561-845d-d5383755087c	2025-05-04 10:35:31.416208+00	pending	19
4	1997bbfe-593a-43ed-a13e-f2d1a77feef2	ETH	1000.0000000	kjhgfghjkjhgfghjkl	b4598a7e-ff76-4ffd-b910-2af43e4f9ff7	2025-05-04 10:36:41.660113+00	pending	19
5	2b82fda4-3236-446f-8f88-0d5e55a18a46	BCH	4000000.0000000	bc1qqp03yr56azvlty26hz4ztr5xa5mg0hht8m2ml6	1xxx49	2025-05-19 15:53:54.98975+00	pending	23
6	eae8a90a-09b1-46f1-95f0-60e9c419bbd8	JPY	500.0000000	Bank Transfer	a632af51-d95a-45f6-adc9-dee0ddb7ac85	2025-05-20 10:31:26.834455+00	pending	45
7	7aa9e9fd-4431-4e1d-a223-09ff53b35314	USDT_TRX	200.0000000	sossos	57f26154-0c42-4e31-aee3-15e7840dae7e	2025-05-20 10:48:15.249014+00	pending	45
8	8b4de2ed-f030-428c-8bb8-09e9d6459ca1	JPY	91764.0000000	Bank Transfer	66e863d8-3f95-48de-b1a7-d38e6732f96a	2025-07-08 10:30:28.71975+00	pending	54
\.


--
-- Data for Name: auth_group; Type: TABLE DATA; Schema: public; Owner: postgres
--

COPY public.auth_group (id, name) FROM stdin;
\.


--
-- Data for Name: auth_group_permissions; Type: TABLE DATA; Schema: public; Owner: postgres
--

COPY public.auth_group_permissions (id, group_id, permission_id) FROM stdin;
\.


--
-- Data for Name: auth_permission; Type: TABLE DATA; Schema: public; Owner: postgres
--

COPY public.auth_permission (id, name, content_type_id, codename) FROM stdin;
1	Can add log entry	1	add_logentry
2	Can change log entry	1	change_logentry
3	Can delete log entry	1	delete_logentry
4	Can view log entry	1	view_logentry
5	Can add permission	2	add_permission
6	Can change permission	2	change_permission
7	Can delete permission	2	delete_permission
8	Can view permission	2	view_permission
9	Can add group	3	add_group
10	Can change group	3	change_group
11	Can delete group	3	delete_group
12	Can view group	3	view_group
13	Can add content type	4	add_contenttype
14	Can change content type	4	change_contenttype
15	Can delete content type	4	delete_contenttype
16	Can view content type	4	view_contenttype
17	Can add session	5	add_session
18	Can change session	5	change_session
19	Can delete session	5	delete_session
20	Can view session	5	view_session
21	Can add forex plan	6	add_forexplan
22	Can change forex plan	6	change_forexplan
23	Can delete forex plan	6	delete_forexplan
24	Can view forex plan	6	view_forexplan
25	Can add payment gateway	7	add_paymentgateway
26	Can change payment gateway	7	change_paymentgateway
27	Can delete payment gateway	7	delete_paymentgateway
28	Can view payment gateway	7	view_paymentgateway
29	Can add account	8	add_account
30	Can change account	8	change_account
31	Can delete account	8	delete_account
32	Can view account	8	view_account
33	Can add balance	9	add_balance
34	Can change balance	9	change_balance
35	Can delete balance	9	delete_balance
36	Can view balance	9	view_balance
37	Can add deposit transaction	10	add_deposittransaction
38	Can change deposit transaction	10	change_deposittransaction
39	Can delete deposit transaction	10	delete_deposittransaction
40	Can view deposit transaction	10	view_deposittransaction
41	Can add referral	11	add_referral
42	Can change referral	11	change_referral
43	Can delete referral	11	delete_referral
44	Can view referral	11	view_referral
45	Can add transaction codes	12	add_transactioncodes
46	Can change transaction codes	12	change_transactioncodes
47	Can delete transaction codes	12	delete_transactioncodes
48	Can view transaction codes	12	view_transactioncodes
49	Can add users_ investment	13	add_users_investment
50	Can change users_ investment	13	change_users_investment
51	Can delete users_ investment	13	delete_users_investment
52	Can view users_ investment	13	view_users_investment
53	Can add wallet address	14	add_walletaddress
54	Can change wallet address	14	change_walletaddress
55	Can delete wallet address	14	delete_walletaddress
56	Can view wallet address	14	view_walletaddress
57	Can add withdraw transaction	15	add_withdrawtransaction
58	Can change withdraw transaction	15	change_withdrawtransaction
59	Can delete withdraw transaction	15	delete_withdrawtransaction
60	Can view withdraw transaction	15	view_withdrawtransaction
61	Can add bank withdrawal	16	add_bankwithdrawal
62	Can change bank withdrawal	16	change_bankwithdrawal
63	Can delete bank withdrawal	16	delete_bankwithdrawal
64	Can view bank withdrawal	16	view_bankwithdrawal
\.


--
-- Data for Name: django_admin_log; Type: TABLE DATA; Schema: public; Owner: postgres
--

COPY public.django_admin_log (id, action_time, object_id, object_repr, action_flag, change_message, content_type_id, user_id) FROM stdin;
1	2025-03-13 22:25:33.94279+00	1	Basic - 65% return in 24hours	1	[{"added": {}}]	6	1
2	2025-03-13 22:26:34.518839+00	2	Standard - 160% return in 24hours	1	[{"added": {}}]	6	1
3	2025-03-13 22:28:18.623893+00	3	Platinum - 245% return in 24hours	1	[{"added": {}}]	6	1
4	2025-03-13 22:31:23.627127+00	4	Diamond - 300% return in 24hours	1	[{"added": {}}]	6	1
5	2025-03-14 08:31:43.078353+00	4	jersyorugbani7@gmail.com	3		8	1
6	2025-03-14 08:31:43.485633+00	2	yakubudestiny9@gmail.com	3		8	1
7	2025-03-22 21:38:53.015474+00	6	yakubudestiny9@gmail.com	3		8	1
8	2025-03-22 22:40:38.196129+00	7	voteforme8996's USDT Balance	2	[{"changed": {"fields": ["Usdt balance", "Total profits"]}}]	9	1
9	2025-03-22 22:44:09.959306+00	7	voteforme8996's USDT Balance	2	[]	9	1
10	2025-03-23 15:38:47.847486+00	7	voteforme8996's USDT Balance	2	[{"changed": {"fields": ["Usdt balance", "Invested amount"]}}]	9	1
11	2025-03-25 10:30:43.773565+00	1	ad80's USDT Balance	2	[{"changed": {"fields": ["Usdt balance"]}}]	9	1
12	2025-03-29 16:18:18.256483+00	8	bonsaifactry's USDT Balance	2	[{"changed": {"fields": ["Total profits", "Invested amount"]}}]	9	1
13	2025-03-30 11:30:01.674273+00	8	bonsaifactry's USDT Balance	2	[{"changed": {"fields": ["Total profits", "Invested amount"]}}]	9	1
14	2025-03-30 11:32:48.222106+00	8	bonsaifactry's USDT Balance	2	[{"changed": {"fields": ["Usdt balance"]}}]	9	1
15	2025-03-30 11:37:28.806108+00	8	bonsaifactry's USDT Balance	2	[{"changed": {"fields": ["Total profits", "Invested amount"]}}]	9	1
16	2025-03-30 11:37:46.189104+00	8	bonsaifactry's USDT Balance	2	[{"changed": {"fields": ["Usdt balance"]}}]	9	1
17	2025-03-30 15:08:59.069496+00	8	bonsaifactry's USDT Balance	2	[{"changed": {"fields": ["Invested amount"]}}]	9	1
18	2025-03-30 15:08:59.936648+00	8	bonsaifactry's USDT Balance	2	[]	9	1
19	2025-04-01 19:18:27.554062+00	1	Basic - 65% return in 24hours	2	[{"changed": {"fields": ["Min amount"]}}]	6	1
20	2025-04-01 19:22:32.498137+00	1	Basic - 65% return in 24hours	2	[{"changed": {"fields": ["Min amount"]}}]	6	1
21	2025-04-02 06:58:55.244512+00	13	hetrickchristian4's USDT Balance	2	[{"changed": {"fields": ["Total profits", "Invested amount"]}}]	9	1
22	2025-04-02 06:59:53.559917+00	13	hetrickchristian4's USDT Balance	2	[{"changed": {"fields": ["Total profits"]}}]	9	1
23	2025-04-02 07:03:15.941502+00	13	hetrickchristian4's USDT Balance	2	[{"changed": {"fields": ["Usdt balance", "Total profits"]}}]	9	1
24	2025-04-02 11:14:44.977026+00	13	hetrickchristian4's USDT Balance	2	[{"changed": {"fields": ["Usdt balance", "Total profits"]}}]	9	1
25	2025-04-02 12:28:10.714971+00	13	hetrickchristian4's USDT Balance	2	[{"changed": {"fields": ["Usdt balance"]}}]	9	1
26	2025-04-02 12:28:39.912649+00	13	hetrickchristian4's USDT Balance	2	[{"changed": {"fields": ["Total profits"]}}]	9	1
27	2025-04-02 17:25:46.067758+00	14	lribble's USDT Balance	2	[{"changed": {"fields": ["Usdt balance", "Total profits", "Invested amount"]}}]	9	1
28	2025-04-02 18:23:22.953469+00	14	lribble's USDT Balance	2	[{"changed": {"fields": ["Usdt balance", "Total profits", "Invested amount"]}}]	9	1
29	2025-04-02 18:24:23.074105+00	14	lribble's USDT Balance	2	[{"changed": {"fields": ["Usdt balance", "Total profits"]}}]	9	1
30	2025-04-02 20:16:23.964332+00	14	lribble's USDT Balance	2	[{"changed": {"fields": ["Usdt balance", "Total profits"]}}]	9	1
31	2025-04-02 21:30:43.219967+00	14	lribble's USDT Balance	2	[{"changed": {"fields": ["Usdt balance", "Total profits"]}}]	9	1
32	2025-04-04 07:26:17.589003+00	14	lribble's USDT Balance	2	[{"changed": {"fields": ["Usdt balance", "Total profits"]}}]	9	1
33	2025-04-05 13:12:38.683964+00	13	hetrickchristian4's USDT Balance	2	[{"changed": {"fields": ["Usdt balance", "Total profits"]}}]	9	1
34	2025-04-05 13:13:13.287728+00	8	bonsaifactry's USDT Balance	2	[{"changed": {"fields": ["Usdt balance", "Total profits"]}}]	9	1
35	2025-04-05 16:05:41.449674+00	14	lribble's USDT Balance	2	[{"changed": {"fields": ["Usdt balance", "Total profits", "Invested amount"]}}]	9	1
36	2025-04-06 06:36:32.372688+00	14	lribble's USDT Balance	2	[{"changed": {"fields": ["Usdt balance", "Total profits", "Invested amount"]}}]	9	1
37	2025-04-06 07:20:04.596505+00	13	hetrickchristian4's USDT Balance	2	[{"changed": {"fields": ["Usdt balance", "Total profits"]}}]	9	1
38	2025-04-06 12:30:43.451299+00	14	lribble's USDT Balance	2	[{"changed": {"fields": ["Usdt balance", "Total profits"]}}]	9	1
39	2025-04-06 12:31:14.419046+00	13	hetrickchristian4's USDT Balance	2	[{"changed": {"fields": ["Usdt balance", "Total profits"]}}]	9	1
40	2025-04-06 20:18:27.19564+00	13	hetrickchristian4's USDT Balance	2	[{"changed": {"fields": ["Usdt balance", "Total profits"]}}]	9	1
41	2025-04-06 20:18:28.726932+00	13	hetrickchristian4's USDT Balance	2	[]	9	1
42	2025-04-06 20:37:51.291453+00	14	lribble's USDT Balance	2	[{"changed": {"fields": ["Usdt balance", "Total profits"]}}]	9	1
43	2025-04-06 20:59:18.680721+00	14	lribble's USDT Balance	2	[{"changed": {"fields": ["Usdt balance", "Total profits"]}}]	9	1
44	2025-04-06 21:06:38.279344+00	5	yakubudestiny's USDT Balance	3		9	1
45	2025-04-06 21:06:38.309018+00	3	godstimepatrick77's USDT Balance	3		9	1
46	2025-04-06 21:06:53.529964+00	1	ad80's USDT Balance	3		9	1
47	2025-04-06 21:07:18.51245+00	7	voteforme8996's USDT Balance	3		9	1
48	2025-04-06 21:11:18.039769+00	14	lribble's USDT Balance	2	[{"changed": {"fields": ["Usdt balance", "Total profits"]}}]	9	1
49	2025-04-07 04:18:12.399048+00	13	hetrickchristian4's USDT Balance	2	[{"changed": {"fields": ["Usdt balance", "Total profits"]}}]	9	1
50	2025-04-07 04:19:09.30883+00	14	lribble's USDT Balance	2	[{"changed": {"fields": ["Usdt balance", "Total profits"]}}]	9	1
51	2025-04-07 09:05:58.100921+00	13	hetrickchristian4's USDT Balance	2	[{"changed": {"fields": ["Usdt balance", "Total profits"]}}]	9	1
52	2025-04-07 09:05:59.885982+00	13	hetrickchristian4's USDT Balance	2	[]	9	1
53	2025-04-08 09:54:47.357893+00	14	lribble's USDT Balance	2	[{"changed": {"fields": ["Usdt balance", "Total profits"]}}]	9	1
54	2025-04-08 09:54:48.346692+00	14	lribble's USDT Balance	2	[]	9	1
55	2025-04-08 09:55:14.175607+00	14	lribble's USDT Balance	2	[{"changed": {"fields": ["Total profits"]}}]	9	1
56	2025-04-08 09:55:15.698599+00	14	lribble's USDT Balance	2	[]	9	1
57	2025-04-08 22:21:55.563212+00	14	lribble's USDT Balance	2	[{"changed": {"fields": ["Usdt balance", "Total profits"]}}]	9	1
58	2025-04-08 22:22:27.553292+00	13	hetrickchristian4's USDT Balance	2	[{"changed": {"fields": ["Usdt balance", "Total profits"]}}]	9	1
59	2025-04-09 09:43:43.357163+00	13	hetrickchristian4's USDT Balance	2	[{"changed": {"fields": ["Usdt balance", "Total profits"]}}]	9	1
60	2025-04-09 09:44:19.344923+00	14	lribble's USDT Balance	2	[{"changed": {"fields": ["Usdt balance"]}}]	9	1
61	2025-04-09 09:45:30.88769+00	14	lribble's USDT Balance	2	[{"changed": {"fields": ["Usdt balance", "Total profits"]}}]	9	1
62	2025-04-09 09:46:03.375786+00	8	bonsaifactry's USDT Balance	2	[{"changed": {"fields": ["Total profits"]}}]	9	1
63	2025-04-09 09:46:47.067248+00	8	bonsaifactry's USDT Balance	2	[{"changed": {"fields": ["Usdt balance", "Total profits"]}}]	9	1
64	2025-04-11 20:37:12.336679+00	14	lribble's USDT Balance	2	[{"changed": {"fields": ["Usdt balance", "Total profits"]}}]	9	1
65	2025-04-11 21:15:38.885183+00	14	lribble's USDT Balance	2	[{"changed": {"fields": ["Invested amount"]}}]	9	1
66	2025-04-11 22:05:01.50811+00	14	lribble's USDT Balance	2	[{"changed": {"fields": ["Usdt balance", "Total profits"]}}]	9	1
67	2025-04-11 23:47:38.660333+00	14	lribble's USDT Balance	2	[{"changed": {"fields": ["Usdt balance", "Total profits"]}}]	9	1
68	2025-04-14 13:07:08.506274+00	14	lribble's USDT Balance	2	[{"changed": {"fields": ["Usdt balance", "Total profits"]}}]	9	1
69	2025-04-21 04:12:49.252858+00	18	habeeb1002's USDT Balance	2	[{"changed": {"fields": ["Invested amount"]}}]	9	1
70	2025-04-21 05:18:56.176511+00	18	habeeb1002's USDT Balance	2	[{"changed": {"fields": ["Usdt balance", "Total profits"]}}]	9	1
71	2025-04-21 07:13:05.473851+00	18	habeeb1002's USDT Balance	2	[{"changed": {"fields": ["Usdt balance", "Total profits"]}}]	9	1
72	2025-04-21 11:54:28.34871+00	18	habeeb1002's USDT Balance	2	[{"changed": {"fields": ["Usdt balance", "Total profits"]}}]	9	1
73	2025-04-21 22:28:30.88102+00	5	yakubudestiny@gmail.com	3		8	1
74	2025-04-21 22:28:30.918214+00	3	godstimepatrick77@gmail.com	3		8	1
75	2025-04-26 16:20:52.167359+00	19	esonose's USDT Balance	2	[{"changed": {"fields": ["Usdt balance", "Total profits", "Invested amount"]}}]	9	1
76	2025-04-26 17:43:47.364488+00	19	esonose's USDT Balance	2	[{"changed": {"fields": ["Usdt balance", "Total profits"]}}]	9	1
77	2025-04-26 18:13:42.672977+00	19	esonose's USDT Balance	2	[{"changed": {"fields": ["Usdt balance", "Total profits"]}}]	9	1
78	2025-04-26 18:21:02.195422+00	19	esonose's USDT Balance	2	[{"changed": {"fields": ["Usdt balance", "Total profits"]}}]	9	1
79	2025-04-26 20:25:42.107081+00	19	esonose's USDT Balance	2	[{"changed": {"fields": ["Invested amount"]}}]	9	1
80	2025-04-26 20:26:14.266782+00	19	esonose's USDT Balance	2	[]	9	1
81	2025-04-26 20:26:14.783354+00	19	esonose's USDT Balance	2	[]	9	1
82	2025-04-26 20:26:55.252952+00	19	esonose's USDT Balance	2	[{"changed": {"fields": ["Usdt balance", "Total profits"]}}]	9	1
83	2025-04-26 20:26:55.737371+00	19	esonose's USDT Balance	2	[]	9	1
84	2025-04-26 20:48:40.484228+00	19	esonose's USDT Balance	2	[{"changed": {"fields": ["Usdt balance", "Total profits", "Invested amount"]}}]	9	1
85	2025-04-26 22:12:16.788834+00	19	esonose's USDT Balance	2	[{"changed": {"fields": ["Usdt balance", "Total profits"]}}]	9	1
86	2025-04-26 22:54:12.129698+00	19	esonose's USDT Balance	2	[{"changed": {"fields": ["Usdt balance", "Total profits"]}}]	9	1
87	2025-04-27 00:20:13.104495+00	19	esonose's USDT Balance	2	[{"changed": {"fields": ["Usdt balance", "Total profits", "Invested amount"]}}]	9	1
88	2025-04-27 00:40:30.041408+00	8	esonose's Transaction Codes	2	[]	12	1
89	2025-04-27 00:45:43.56832+00	19	esonose's USDT Balance	2	[{"changed": {"fields": ["Usdt balance", "Total profits"]}}]	9	1
90	2025-04-27 05:20:16.321928+00	19	esonose's USDT Balance	2	[{"changed": {"fields": ["Usdt balance", "Total profits"]}}]	9	1
91	2025-04-27 08:35:57.086976+00	19	esonose's USDT Balance	2	[{"changed": {"fields": ["Invested amount"]}}]	9	1
92	2025-04-28 18:32:57.269935+00	16	rfenn@gmail.com	3		8	1
93	2025-05-03 20:13:26.209535+00	19	esonose's USDT Balance	2	[{"changed": {"fields": ["Invested amount"]}}]	9	1
94	2025-05-03 20:58:26.121031+00	19	esonose's USDT Balance	2	[{"changed": {"fields": ["Usdt balance", "Total profits"]}}]	9	1
95	2025-05-03 21:00:33.131376+00	1	Gateway - BTC	1	[{"added": {}}]	7	1
96	2025-05-03 21:01:12.61039+00	15	esonose@icloud.com	2	[{"changed": {"fields": ["Is active"]}}]	8	1
97	2025-05-03 21:15:49.706952+00	1	ad80@mail.com	2	[{"changed": {"fields": ["Fullname", "Phone", "Country", "Is active"]}}]	8	1
98	2025-05-03 21:41:59.453647+00	1	ad80@mail.com	2	[{"changed": {"fields": ["Is active"]}}]	8	19
99	2025-05-03 21:45:00.168694+00	1	ad80@mail.com - 1000 - completed	1	[{"added": {}}]	10	1
100	2025-05-03 21:57:48.022024+00	24	Testadmin's USDT Balance	2	[{"changed": {"fields": ["Invested amount"]}}]	9	19
101	2025-05-03 21:58:01.750853+00	1	Standard - ad80@mail.com	1	[{"added": {}}]	13	1
102	2025-05-03 21:59:56.385213+00	2	Standard - 160% return in 24hours	2	[]	6	1
103	2025-05-03 22:02:49.040198+00	2	Standard - esonose@icloud.com	1	[{"added": {}}]	13	1
104	2025-05-03 22:03:49.952433+00	1	Standard - ad80@mail.com	2	[{"changed": {"fields": ["Profit", "Total"]}}]	13	1
105	2025-05-03 22:13:20.464248+00	24	Testadmin's USDT Balance	2	[{"changed": {"fields": ["Usdt balance"]}}]	9	19
106	2025-05-03 22:31:25.635787+00	24	Testadmin's USDT Balance	2	[{"changed": {"fields": ["Usdt balance", "Total profits", "Invested amount"]}}]	9	1
107	2025-05-03 22:35:41.667489+00	3	Basic - Testadmin@mail.com	1	[{"added": {}}]	13	1
108	2025-05-03 22:36:13.604632+00	3	Platinum - Testadmin@mail.com	2	[{"changed": {"fields": ["Plan"]}}]	13	1
109	2025-05-03 22:36:15.362686+00	3	Platinum - Testadmin@mail.com	2	[]	13	1
110	2025-05-03 22:40:33.81102+00	4	Basic - Testadmin@mail.com	1	[{"added": {}}]	13	1
111	2025-05-03 22:42:34.693259+00	5	Basic - Testadmin@mail.com	1	[{"added": {}}]	13	1
112	2025-05-03 22:53:05.733905+00	24	Testadmin's USDT Balance	2	[]	9	1
113	2025-05-03 22:54:17.279138+00	24	Testadmin's USDT Balance	2	[{"changed": {"fields": ["Invested amount"]}}]	9	1
114	2025-05-03 22:55:11.86242+00	24	Testadmin's USDT Balance	2	[{"changed": {"fields": ["Invested amount"]}}]	9	1
115	2025-05-03 22:56:25.777529+00	24	Testadmin's USDT Balance	2	[{"changed": {"fields": ["Invested amount"]}}]	9	1
116	2025-05-04 00:50:10.434975+00	19	esonose's USDT Balance	2	[{"changed": {"fields": ["Usdt balance", "Total profits"]}}]	9	1
117	2025-05-04 00:54:22.700612+00	15	esonose@icloud.com	2	[{"changed": {"fields": ["Is active"]}}]	8	1
118	2025-05-04 01:02:47.88316+00	15	esonose@icloud.com	2	[]	8	19
119	2025-05-04 01:13:52.071121+00	15	esonose@icloud.com	2	[{"changed": {"fields": ["Is staff", "Is superuser"]}}]	8	19
120	2025-05-04 01:20:38.166805+00	15	esonose@icloud.com	2	[{"changed": {"fields": ["Is staff"]}}]	8	1
121	2025-05-04 01:24:53.439186+00	8	esonose's Transaction Codes	2	[]	12	1
122	2025-05-04 01:24:55.652426+00	8	esonose's Transaction Codes	2	[]	12	1
123	2025-05-04 01:34:02.759178+00	8	esonose's Transaction Codes	2	[{"changed": {"fields": ["Reset code status"]}}]	12	19
124	2025-05-04 01:34:30.889053+00	8	esonose's Transaction Codes	2	[]	12	19
125	2025-05-04 01:42:45.403605+00	8	esonose's Transaction Codes	2	[{"changed": {"fields": ["Withdraw code"]}}]	12	19
126	2025-05-04 01:42:58.438224+00	8	esonose's Transaction Codes	2	[]	12	19
127	2025-05-04 01:44:15.794383+00	8	esonose's Transaction Codes	2	[{"changed": {"fields": ["Withdraw code"]}}]	12	19
128	2025-05-04 01:52:26.070637+00	2	esonose@icloud.com - BTC - 165700	1	[{"added": {}}]	15	1
129	2025-05-04 01:53:09.558102+00	2	esonose@icloud.com - BTC - 165700.0000000	2	[{"changed": {"fields": ["Status"]}}]	15	1
130	2025-05-04 01:56:49.314705+00	2	esonose@icloud.com - BTC - 165700.0000000	2	[]	15	1
131	2025-05-04 01:57:03.116615+00	2	esonose@icloud.com - BCH - 165700.0000000	2	[{"changed": {"fields": ["Currency"]}}]	15	1
132	2025-05-04 01:57:45.453029+00	19	esonose's USDT Balance	2	[{"changed": {"fields": ["Usdt balance", "Total profits"]}}]	9	1
133	2025-05-04 10:37:15.093322+00	9	Testadmin's Transaction Codes	3		12	19
134	2025-05-09 22:39:59.395304+00	26	boniya8421's USDT Balance	2	[{"changed": {"fields": ["Usdt balance", "Total profits"]}}]	9	1
135	2025-05-17 23:25:13.057417+00	29	dajacoba's USDT Balance	2	[{"changed": {"fields": ["Invested amount"]}}]	9	1
136	2025-05-17 23:26:25.88823+00	29	dajacoba's USDT Balance	2	[{"changed": {"fields": ["Usdt balance", "Total profits"]}}]	9	1
137	2025-05-18 13:43:03.650194+00	29	dajacoba's USDT Balance	2	[{"changed": {"fields": ["Usdt balance", "Total profits", "Invested amount"]}}]	9	1
138	2025-05-18 22:13:40.711136+00	29	dajacoba's USDT Balance	2	[{"changed": {"fields": ["Usdt balance", "Total profits"]}}]	9	1
139	2025-05-19 15:28:07.015229+00	4	ad80's Transaction Codes	2	[{"changed": {"fields": ["Withdraw code status"]}}]	12	1
140	2025-05-19 15:33:58.712111+00	11	dajacoba's Transaction Codes	2	[{"changed": {"fields": ["Withdraw code"]}}]	12	1
141	2025-05-19 15:37:18.94664+00	11	dajacoba's Transaction Codes	2	[]	12	1
142	2025-05-19 15:53:55.036576+00	5	dajacoba@gmail.com - BCH - 4000000	1	[{"added": {}}]	15	1
143	2025-05-19 15:55:28.334593+00	29	dajacoba's USDT Balance	2	[{"changed": {"fields": ["Usdt balance", "Total profits"]}}]	9	1
144	2025-05-20 10:01:31.098238+00	30	yakubudestiny9's USDT Balance	2	[{"changed": {"fields": ["Usdt balance"]}}]	9	1
145	2025-06-06 09:51:02.71051+00	37	scallychris959's USDT Balance	2	[{"changed": {"fields": ["Usdt balance", "Total profits", "Invested amount"]}}]	9	1
146	2025-06-06 12:25:10.35783+00	37	scallychris959's USDT Balance	2	[{"changed": {"fields": ["Invested amount"]}}]	9	1
147	2025-06-13 23:38:38.041436+00	13	hetrickchristian4's USDT Balance	2	[{"changed": {"fields": ["Usdt balance", "Total profits"]}}]	9	1
148	2025-07-01 09:25:50.902823+00	39	moya068045's USDT Balance	2	[{"changed": {"fields": ["Invested amount"]}}]	9	1
149	2025-07-01 09:30:48.063244+00	39	moya068045's USDT Balance	2	[{"changed": {"fields": ["Usdt balance", "Total profits"]}}]	9	1
150	2025-07-01 10:31:08.93694+00	39	moya068045's USDT Balance	2	[{"changed": {"fields": ["Usdt balance", "Total profits"]}}]	9	1
151	2025-07-23 01:06:25.12871+00	44	les's USDT Balance	2	[{"changed": {"fields": ["Usdt balance", "Total profits", "Invested amount"]}}]	9	1
152	2025-07-23 20:48:45.75734+00	40	justinadmitrijeva's USDT Balance	2	[{"changed": {"fields": ["Usdt balance", "Total profits", "Invested amount"]}}]	9	1
153	2025-07-24 11:58:32.187853+00	40	justinadmitrijeva's USDT Balance	2	[{"changed": {"fields": ["Usdt balance", "Total profits"]}}]	9	1
154	2025-07-29 18:06:57.125749+00	44	les's USDT Balance	2	[{"changed": {"fields": ["Invested amount"]}}]	9	1
155	2025-07-29 18:11:22.463004+00	44	les's USDT Balance	2	[{"changed": {"fields": ["Invested amount"]}}]	9	1
156	2025-07-29 18:12:28.597129+00	44	les's USDT Balance	2	[{"changed": {"fields": ["Invested amount"]}}]	9	1
157	2025-07-29 18:27:23.716939+00	44	les's USDT Balance	2	[{"changed": {"fields": ["Usdt balance", "Total profits", "Invested amount"]}}]	9	1
158	2025-08-07 18:13:04.176636+00	2	Standard - 160% return in 49hours	2	[{"changed": {"fields": ["Min amount", "Max amount", "Duration"]}}]	6	1
159	2025-08-07 18:15:16.372337+00	4	Diamond - 300% return in 24hours	2	[{"changed": {"fields": ["Min amount", "Max amount"]}}]	6	1
160	2025-08-08 12:50:08.173354+00	44	les's USDT Balance	2	[{"changed": {"fields": ["Usdt balance", "Total profits", "Invested amount"]}}]	9	1
161	2025-08-08 17:49:22.677543+00	45	aven's USDT Balance	2	[{"changed": {"fields": ["Usdt balance", "Total profits", "Invested amount"]}}]	9	1
162	2025-08-08 18:09:31.603365+00	45	aven's USDT Balance	2	[{"changed": {"fields": ["Usdt balance", "Total profits"]}}]	9	1
163	2025-08-08 18:09:33.47727+00	45	aven's USDT Balance	2	[]	9	1
164	2025-08-08 21:19:12.788841+00	45	aven's USDT Balance	2	[{"changed": {"fields": ["Usdt balance", "Total profits", "Invested amount"]}}]	9	1
165	2025-08-08 22:35:45.191446+00	45	aven's USDT Balance	2	[{"changed": {"fields": ["Usdt balance", "Total profits"]}}]	9	1
166	2025-08-08 23:39:31.965803+00	45	aven's USDT Balance	2	[{"changed": {"fields": ["Usdt balance", "Total profits"]}}]	9	1
167	2025-08-09 21:45:15.276236+00	46	istephan's USDT Balance	2	[{"changed": {"fields": ["Usdt balance", "Total profits", "Invested amount"]}}]	9	1
168	2025-08-10 09:45:27.348422+00	46	istephan's USDT Balance	2	[{"changed": {"fields": ["Usdt balance", "Total profits"]}}]	9	1
169	2025-08-10 09:55:19.98023+00	46	istephan's USDT Balance	2	[{"changed": {"fields": ["Usdt balance", "Total profits"]}}]	9	1
170	2025-08-10 14:40:04.721472+00	46	istephan's USDT Balance	2	[{"changed": {"fields": ["Usdt balance", "Total profits"]}}]	9	1
171	2025-08-10 14:42:34.551161+00	44	les's USDT Balance	2	[{"changed": {"fields": ["Invested amount"]}}]	9	1
172	2025-08-10 14:43:46.95315+00	44	les's USDT Balance	2	[{"changed": {"fields": ["Invested amount"]}}]	9	1
173	2025-08-10 14:53:34.36336+00	44	les's USDT Balance	2	[{"changed": {"fields": ["Invested amount"]}}]	9	1
174	2025-08-10 15:32:15.838987+00	44	les's USDT Balance	2	[{"changed": {"fields": ["Usdt balance", "Total profits", "Invested amount"]}}]	9	1
175	2025-08-12 00:26:49.763205+00	14	lribble's USDT Balance	2	[{"changed": {"fields": ["Usdt balance", "Total profits"]}}]	9	1
176	2025-08-19 12:08:49.106284+00	57	raymondozelua@gmail.com	3		8	1
177	2025-08-19 12:08:49.111101+00	7	voteforme8996@gmail.com	3		8	1
178	2025-08-23 11:12:51.523684+00	40	justinadmitrijeva's USDT Balance	2	[{"changed": {"fields": ["Usdt balance", "Total profits", "Invested amount"]}}]	9	1
179	2025-08-23 12:48:54.464902+00	40	justinadmitrijeva's USDT Balance	2	[{"changed": {"fields": ["Usdt balance", "Total profits"]}}]	9	1
180	2025-08-23 17:03:40.015635+00	40	justinadmitrijeva's USDT Balance	2	[{"changed": {"fields": ["Usdt balance", "Total profits"]}}]	9	1
181	2025-08-25 16:44:01.964571+00	40	justinadmitrijeva's USDT Balance	2	[{"changed": {"fields": ["Invested amount"]}}]	9	1
182	2025-08-25 16:55:20.296609+00	40	justinadmitrijeva's USDT Balance	2	[{"changed": {"fields": ["Total profits"]}}]	9	1
183	2025-08-25 16:55:47.46598+00	40	justinadmitrijeva's USDT Balance	2	[{"changed": {"fields": ["Usdt balance", "Total profits"]}}]	9	1
184	2025-08-26 18:41:20.213995+00	53	steve's USDT Balance	2	[{"changed": {"fields": ["Usdt balance", "Total profits", "Invested amount"]}}]	9	1
185	2025-08-26 20:01:16.407787+00	53	steve's USDT Balance	2	[{"changed": {"fields": ["Usdt balance", "Total profits"]}}]	9	1
186	2025-09-03 23:42:33.047358+00	53	steve's USDT Balance	2	[{"changed": {"fields": ["Invested amount"]}}]	9	1
187	2025-09-03 23:43:28.050004+00	53	steve's USDT Balance	2	[{"changed": {"fields": ["Usdt balance", "Total profits"]}}]	9	1
188	2025-09-04 01:11:12.750448+00	53	steve's USDT Balance	2	[{"changed": {"fields": ["Usdt balance", "Total profits"]}}]	9	1
189	2025-09-04 10:08:47.079401+00	53	steve's USDT Balance	2	[{"changed": {"fields": ["Usdt balance", "Total profits"]}}]	9	1
190	2025-09-04 12:22:23.376012+00	53	steve's USDT Balance	2	[{"changed": {"fields": ["Usdt balance", "Total profits"]}}]	9	1
191	2025-09-04 15:07:33.726575+00	53	steve's USDT Balance	2	[{"changed": {"fields": ["Usdt balance", "Total profits"]}}]	9	1
\.


--
-- Data for Name: django_content_type; Type: TABLE DATA; Schema: public; Owner: postgres
--

COPY public.django_content_type (id, app_label, model) FROM stdin;
1	admin	logentry
2	auth	permission
3	auth	group
4	contenttypes	contenttype
5	sessions	session
6	accounts	forexplan
7	accounts	paymentgateway
8	accounts	account
9	accounts	balance
10	accounts	deposittransaction
11	accounts	referral
12	accounts	transactioncodes
13	accounts	users_investment
14	accounts	walletaddress
15	accounts	withdrawtransaction
16	accounts	bankwithdrawal
\.


--
-- Data for Name: django_migrations; Type: TABLE DATA; Schema: public; Owner: postgres
--

COPY public.django_migrations (id, app, name, applied) FROM stdin;
1	contenttypes	0001_initial	2025-03-13 20:53:13.076728+00
2	contenttypes	0002_remove_content_type_name	2025-03-13 20:53:15.063794+00
3	auth	0001_initial	2025-03-13 20:53:20.792204+00
4	auth	0002_alter_permission_name_max_length	2025-03-13 20:53:21.880674+00
5	auth	0003_alter_user_email_max_length	2025-03-13 20:53:22.466864+00
6	auth	0004_alter_user_username_opts	2025-03-13 20:53:23.419833+00
7	auth	0005_alter_user_last_login_null	2025-03-13 20:53:24.241876+00
8	auth	0006_require_contenttypes_0002	2025-03-13 20:53:25.116836+00
9	auth	0007_alter_validators_add_error_messages	2025-03-13 20:53:26.131063+00
10	auth	0008_alter_user_username_max_length	2025-03-13 20:53:27.147592+00
11	auth	0009_alter_user_last_name_max_length	2025-03-13 20:53:28.179502+00
12	auth	0010_alter_group_name_max_length	2025-03-13 20:53:29.889774+00
13	auth	0011_update_proxy_permissions	2025-03-13 20:53:30.415264+00
14	auth	0012_alter_user_first_name_max_length	2025-03-13 20:53:31.291107+00
15	accounts	0001_initial	2025-03-13 20:53:51.923849+00
16	accounts	0002_alter_paymentgateway_currency	2025-03-13 20:53:52.292756+00
17	accounts	0003_forexplan_capital_insurance_forexplan_commission_and_more	2025-03-13 20:53:55.820237+00
18	accounts	0004_remove_users_investment_daily_income_and_more	2025-03-13 20:53:59.795612+00
19	admin	0001_initial	2025-03-13 20:54:02.875394+00
20	admin	0002_logentry_remove_auto_add	2025-03-13 20:54:03.54179+00
21	admin	0003_logentry_add_action_flag_choices	2025-03-13 20:54:04.979017+00
22	sessions	0001_initial	2025-03-13 20:54:08.193023+00
23	accounts	0005_account_currency	2025-03-13 23:43:02.492674+00
24	accounts	0006_balance_invested_amount	2025-03-22 23:03:23.90929+00
25	accounts	0007_account_raw_password	2025-05-03 22:46:22.283444+00
26	accounts	0008_bankwithdrawal	2025-05-19 19:05:50.080513+00
27	accounts	0009_bankwithdrawal_amount	2025-05-20 09:04:14.83304+00
\.


--
-- Data for Name: django_session; Type: TABLE DATA; Schema: public; Owner: postgres
--

COPY public.django_session (session_key, session_data, expire_date) FROM stdin;
fkxxccu2mtmsh1v4he6xskdw91xtsnar	.eJxVjMsOwiAQAP-FsyHdbnl59N5vIMAutmogKe3J-O-GpAe9zkzmLXw49sUfjTe_krgKEJdfFkN6cumCHqHcq0y17NsaZU_kaZucK_HrdrZ_gyW0pW8ZnCFSQ07Zjg6QgK0CrdjFgMw5j-jsNBBGE9HgMCWjWRNkh3kag_h8AeUqN-A:1tw8Oy:oj2JSfuRhpaPFVDFtPCgCkWZJF157DQDpuY-84ZtY0o	2025-04-05 23:37:16.954471+00
pa7qfjezxgcaj7pbh2v8zk0qd53j9vqr	.eJxVjMsOwiAQAP-FsyHdbnl59N5vIMAutmogKe3J-O-GpAe9zkzmLXw49sUfjTe_krgKEJdfFkN6cumCHqHcq0y17NsaZU_kaZucK_HrdrZ_gyW0pW8ZnCFSQ07Zjg6QgK0CrdjFgMw5j-jsNBBGE9HgMCWjWRNkh3kag_h8AeUqN-A:1tw8Oz:OsTUfYpvlS3oSFiH8lyvAtm7EpDpGrvCOWtHM8rus0k	2025-04-05 23:37:17.803919+00
qy8aldgu6wz0d1e9vo37k3jmrl0em70y	.eJxVjMsOwiAQAP-FsyHdbnl59N5vIMAutmogKe3J-O-GpAe9zkzmLXw49sUfjTe_krgKEJdfFkN6cumCHqHcq0y17NsaZU_kaZucK_HrdrZ_gyW0pW8ZnCFSQ07Zjg6QgK0CrdjFgMw5j-jsNBBGE9HgMCWjWRNkh3kag_h8AeUqN-A:1tw8QD:wWyTfzPEwRep3twCrYUbPpXXF5PpOqJ-5_S_fimFY_4	2025-04-05 23:38:33.124252+00
imdj221ogcw6w4eneimcobxivjpxjdiu	.eJxVjMsOwiAQAP-FsyHdbnl59N5vIMAutmogKe3J-O-GpAe9zkzmLXw49sUfjTe_krgKEJdfFkN6cumCHqHcq0y17NsaZU_kaZucK_HrdrZ_gyW0pW8ZnCFSQ07Zjg6QgK0CrdjFgMw5j-jsNBBGE9HgMCWjWRNkh3kag_h8AeUqN-A:1tw8QD:wWyTfzPEwRep3twCrYUbPpXXF5PpOqJ-5_S_fimFY_4	2025-04-05 23:38:33.98539+00
8c7nfnolns9erm95dtf0balwctbaqjk1	.eJxVjMsOwiAQAP-FsyHdbnl59N5vIMAutmogKe3J-O-GpAe9zkzmLXw49sUfjTe_krgKEJdfFkN6cumCHqHcq0y17NsaZU_kaZucK_HrdrZ_gyW0pW8ZnCFSQ07Zjg6QgK0CrdjFgMw5j-jsNBBGE9HgMCWjWRNkh3kag_h8AeUqN-A:1tw8QE:bVsjwnCU5jnbncqCRw8QLmVNjzpxtSkp3O3KZAZ1GWw	2025-04-05 23:38:34.752331+00
g0b1hvs91gpvl1mbtaf9g02g3m1c7tf8	.eJxVjMsOwiAQAP-FsyHdbnl59N5vIMAutmogKe3J-O-GpAe9zkzmLXw49sUfjTe_krgKEJdfFkN6cumCHqHcq0y17NsaZU_kaZucK_HrdrZ_gyW0pW8ZnCFSQ07Zjg6QgK0CrdjFgMw5j-jsNBBGE9HgMCWjWRNkh3kag_h8AeUqN-A:1tw8TH:BxS_C4kYoA8jDngOcWALe3U-g94nidFpnrQd0WMzh_g	2025-04-05 23:41:43.586789+00
x0rhxo7kmgb6ice4se1rzy3qbt3k3x3v	.eJxVjMsOwiAQAP-FsyHdbnl59N5vIMAutmogKe3J-O-GpAe9zkzmLXw49sUfjTe_krgKEJdfFkN6cumCHqHcq0y17NsaZU_kaZucK_HrdrZ_gyW0pW8ZnCFSQ07Zjg6QgK0CrdjFgMw5j-jsNBBGE9HgMCWjWRNkh3kag_h8AeUqN-A:1tsqw7:kLHn0w72W3Y-YVSdhLdw9y23XlwOz-uPj-JJwiQekgk	2025-03-27 22:21:55.64159+00
cv6xt8h74ltk1aj4q5o4yyscbv83gv6z	.eJxVjDsOwjAQBe_iGln2BseBkp4zWOv94ABypDipEHeHSCmgfTPzXibhupS0NpnTyOZsojn8bhnpIXUDfMd6myxNdZnHbDfF7rTZ68TyvOzu30HBVr61-EARMHedDt4xSN-JsmPNQD5ywCErKFEPiOAlOIgQvYtKR9ZTDub9AQZjOK4:1twNKN:nxIPsWAW1dwtvyIJjOOoXHOF_bWHg1syrlGdPR94lTk	2025-04-06 15:33:31.854288+00
2g2g7hm6n2r5iw8qyjhqm0rz0uerf4wh	.eJxVjDsOwyAQBe9CHSH-hpTpfQbEsktwEmHJ2FWUu0dILpL2zcx7s5iOvcaj0xYXZFdm2OV3g5Sf1AbAR2r3lee17dsCfCj8pJ3PK9Lrdrp_BzX1OmoySBalLUoVsOBNIRVAOm-wkJfkJ1FcsFpqp4yeKGgQPhcQ1hGgZJ8v-Q44FQ:1tszIb:tD87uvYwIhmgLUhBiYHe3V7gtgGYMwryxOIRMgaWn_w	2025-03-28 07:17:41.962793+00
jeh8fmgdefhonczt83jrvnxr7z54djhn	.eJxVjMsOwiAQAP-FsyHdbnl59N5vIMAutmogKe3J-O-GpAe9zkzmLXw49sUfjTe_krgKEJdfFkN6cumCHqHcq0y17NsaZU_kaZucK_HrdrZ_gyW0pW8ZnCFSQ07Zjg6QgK0CrdjFgMw5j-jsNBBGE9HgMCWjWRNkh3kag_h8AeUqN-A:1tt0Pw:0abZ9xMvPLpf3qJ4ytRAaCVdpisoq83MspqwbOYd0oo	2025-03-28 08:29:20.925121+00
6of29t1hofwikojitjxqc9u882cxxjd6	.eJxVjMsOwiAQRf-FtSGF8hhcuvcbyAxDpWogKe3K-O_apAvd3nPOfYmI21ri1vMSZxZn4cTpdyNMj1x3wHestyZTq-syk9wVedAur43z83K4fwcFe_nW1o6EWQfQoIisATUNZvQ48QCMVnlmJGWNRlAuOQiBMWcYTTLWeGLx_gDcBDfZ:1tt0jV:C9Ww-fo16QM7AieVE_LM2bZEWC0Auts7EJY9tUbUVeM	2025-03-28 08:49:33.237178+00
rftfc3666vteafb3ro3j8fk480pww21s	.eJxVjEsKwjAUAO-StQRfmx8u3XuG8D6JqUoCTbsS7y6BLnQ7M8xbRdy3Evee1riIuqigTr-MkJ-pDiEPrPemudVtXUiPRB-261uT9Loe7d-gYC9jK_NkCPPsM1hgmYhMRicAjpIhYkawFlPIJgNm52V2wTGT84CCZ_X5AhMKOT4:1tytbA:M1feri65mAxmEvvWsye70Z97EG2rX43QF1HecYvF990	2025-04-13 14:25:16.915356+00
09uvwoy3vse0wz2q8f7662y1c8b4y2b5	.eJxVjMsOwiAQRf-FtSGF8hhcuvcbyAxDpWogKe3K-O_apAvd3nPOfYmI21ri1vMSZxZn4cTpdyNMj1x3wHestyZTq-syk9wVedAur43z83K4fwcFe_nW1o6EWQfQoIisATUNZvQ48QCMVnlmJGWNRlAuOQiBMWcYTTLWeGLx_gDcBDfZ:1tt2VB:GymkyL9QVEwJV9OO3thnPRBeCtZTYsWVAtrnpyRaRek	2025-03-28 10:42:53.498489+00
mikmljx5uwaqbqxeb61he474ctp52105	.eJxVjMsOwiAQRf-FtSGF8hhcuvcbyAxDpWogKe3K-O_apAvd3nPOfYmI21ri1vMSZxZn4cTpdyNMj1x3wHestyZTq-syk9wVedAur43z83K4fwcFe_nW1o6EWQfQoIisATUNZvQ48QCMVnlmJGWNRlAuOQiBMWcYTTLWeGLx_gDcBDfZ:1tt46B:LLfQzpSKsNL5f4bNtsKDzi_NRljktCrASudHr8fZ8xw	2025-03-28 12:25:11.251838+00
e921vpc8vd74uyywy6r4gk849huljcxa	.eJxVjMsOwiAQRf-FtSGF8hhcuvcbyAxDpWogKe3K-O_apAvd3nPOfYmI21ri1vMSZxZn4cTpdyNMj1x3wHestyZTq-syk9wVedAur43z83K4fwcFe_nW1o6EWQfQoIisATUNZvQ48QCMVnlmJGWNRlAuOQiBMWcYTTLWeGLx_gDcBDfZ:1tt5dh:LrCZ-hTsWlXnTdYjEuT0j4nAPFa9vbJWcta2QjCIzbw	2025-03-28 14:03:53.159897+00
317yryqagmsv7hah0qejugt1s5460v5t	.eJxVjMsOwiAQRf-FtSGF8hhcuvcbyAxDpWogKe3K-O_apAvd3nPOfYmI21ri1vMSZxZn4cTpdyNMj1x3wHestyZTq-syk9wVedAur43z83K4fwcFe_nW1o6EWQfQoIisATUNZvQ48QCMVnlmJGWNRlAuOQiBMWcYTTLWeGLx_gDcBDfZ:1ttAnu:B8vxC3M3XqPnR8WyT3c_wOqrP052zmRn1INZv7NDvxk	2025-03-28 19:34:46.588765+00
zjdq4re56liuj54hhbtzslkq601c2n7h	.eJxVjMsOwiAQRf-FtSGF8hhcuvcbyAxDpWogKe3K-O_apAvd3nPOfYmI21ri1vMSZxZn4cTpdyNMj1x3wHestyZTq-syk9wVedAur43z83K4fwcFe_nW1o6EWQfQoIisATUNZvQ48QCMVnlmJGWNRlAuOQiBMWcYTTLWeGLx_gDcBDfZ:1ttBox:KxMzPlNDun-RNl2apvQ4Moluk_Y_CAU_xggpI61YvWM	2025-03-28 20:39:55.858869+00
7svbjbx9eiv88jgr58mg0hj3q1ic8s5x	.eJxVjMsOwiAURP-FtSE8Ugou3fsN5D5AqoYmpV01_rs06UKTWc05M7uIsK0lbi0tcWJxFVZcfjsEeqV6AH5CfcyS5rouE8pDkSdt8j5zet9O9--gQCt9HUZAzMQZlPNegQ7oLTAGrckMlK1PwWoeXEiOeojM2A2NWVlnTBKfLwscOJM:1ttBwb:xYiVjRi1lquQfIHJQi2TkrEuZriQxT-KIys1SHlO1lw	2025-03-28 20:47:49.658329+00
0zst6hjem5kac9urgu7lx6qaie5gc1pc	.eJxVjMsOwiAQRf-FtSGF8hhcuvcbyAxDpWogKe3K-O_apAvd3nPOfYmI21ri1vMSZxZn4cTpdyNMj1x3wHestyZTq-syk9wVedAur43z83K4fwcFe_nW1o6EWQfQoIisATUNZvQ48QCMVnlmJGWNRlAuOQiBMWcYTTLWeGLx_gDcBDfZ:1ttOIR:EeYQ1SElHGtKLcHZ5GxHpfT2AnYGMBXtcWMgjoYlR6s	2025-03-29 09:59:11.264529+00
2ckbb1f6ts6451nb6hil8curviehnld3	.eJxVjMsOwiAQRf-FtSGF8hhcuvcbyAxDpWogKe3K-O_apAvd3nPOfYmI21ri1vMSZxZn4cTpdyNMj1x3wHestyZTq-syk9wVedAur43z83K4fwcFe_nW1o6EWQfQoIisATUNZvQ48QCMVnlmJGWNRlAuOQiBMWcYTTLWeGLx_gDcBDfZ:1ttQ3g:968PpHzVMlqzBtaew_QMzemK6hI4X52vwnYCqplV25E	2025-03-29 11:52:04.880382+00
ec1yd1e7o11p590m5gxofe0ngxd724vf	.eJxVjMsOwiAQAP-FsyHdbnl59N5vIMAutmogKe3J-O-GpAe9zkzmLXw49sUfjTe_krgKEJdfFkN6cumCHqHcq0y17NsaZU_kaZucK_HrdrZ_gyW0pW8ZnCFSQ07Zjg6QgK0CrdjFgMw5j-jsNBBGE9HgMCWjWRNkh3kag_h8AeUqN-A:1tvzGu:YoDFVBXyZbXp3h4J-cJQWW1m6JoNU33rfnSGxZqE1gc	2025-04-05 13:52:20.834827+00
lj9hp7w3csm87f2xsl6mdp5r8o6yz6jo	.eJxVjMsOwiAQAP-FsyHdbnl59N5vIMAutmogKe3J-O-GpAe9zkzmLXw49sUfjTe_krgKEJdfFkN6cumCHqHcq0y17NsaZU_kaZucK_HrdrZ_gyW0pW8ZnCFSQ07Zjg6QgK0CrdjFgMw5j-jsNBBGE9HgMCWjWRNkh3kag_h8AeUqN-A:1tvzHE:sUdZkVv3XyDlb0Piuy_j1jIZ5_Ku9G8_UGG2gb2IUL4	2025-04-05 13:52:40.479573+00
3s7a3ro15j6a54krfe4692f2n67tz15a	.eJxVjMsOwiAQAP-FsyHdbnl59N5vIMAutmogKe3J-O-GpAe9zkzmLXw49sUfjTe_krgKEJdfFkN6cumCHqHcq0y17NsaZU_kaZucK_HrdrZ_gyW0pW8ZnCFSQ07Zjg6QgK0CrdjFgMw5j-jsNBBGE9HgMCWjWRNkh3kag_h8AeUqN-A:1tw5Ls:Z1x_or6FASQHPFfXM4u1pTTp1_lcUVNmW3rNNwAAuCQ	2025-04-05 20:21:52.144487+00
5ae1q1fwq3mr0t4qjbhrp91m0kvofj72	.eJxVjDsOwjAQBe_iGln2BseBkp4zWOv94ABypDipEHeHSCmgfTPzXibhupS0NpnTyOZsojn8bhnpIXUDfMd6myxNdZnHbDfF7rTZ68TyvOzu30HBVr61-EARMHedDt4xSN-JsmPNQD5ywCErKFEPiOAlOIgQvYtKR9ZTDub9AQZjOK4:1tw7E1:-Nma1ZjwuTdETFfS83ecyWSqfa9Puivu9J2ybKsE514	2025-04-05 22:21:53.19118+00
nx2ory9s8maccn3xcui56sw2svyp9r41	.eJxVjDsOwjAQBe_iGln2BseBkp4zWOv94ABypDipEHeHSCmgfTPzXibhupS0NpnTyOZsojn8bhnpIXUDfMd6myxNdZnHbDfF7rTZ68TyvOzu30HBVr61-EARMHedDt4xSN-JsmPNQD5ywCErKFEPiOAlOIgQvYtKR9ZTDub9AQZjOK4:1tw8MY:DR6xXsi98flfVvCg8SO9MKEm9poFhkdIrTyHESmWS5M	2025-04-05 23:34:46.034406+00
fmcm9c1un7jcmrvzoh1e042w6uqu0z6g	.eJxVjMsOwiAQAP-FsyHdbnl59N5vIMAutmogKe3J-O-GpAe9zkzmLXw49sUfjTe_krgKEJdfFkN6cumCHqHcq0y17NsaZU_kaZucK_HrdrZ_gyW0pW8ZnCFSQ07Zjg6QgK0CrdjFgMw5j-jsNBBGE9HgMCWjWRNkh3kag_h8AeUqN-A:1twNLR:c8O_zoGl8nw9AAmw-fVIwa12DpQZGQsD8uqy809du0A	2025-04-06 15:34:37.539745+00
vsdtlxhahnmxcx3o2tqf0x99e6w4f2gs	.eJxVjMEOwiAQRP-FsyFAgaJH734DWZZdqRpISnsy_rtt0oPeJvPezFtEWJcS105znLK4CK3E6bdMgE-qO8kPqPcmsdVlnpLcFXnQLm8t0-t6uH8HBXrZ1mySs8k6dN6BHRVpC55zgGSJDBk8G1aI3ukAwxZYaw6EowMeAgOIzxcalTkT:1u0N1a:PJC0bG19NGblpvyhx703Av969wIK22uB7y1DquuVWqY	2025-04-17 16:02:38.298025+00
jgyd1ian104p7ea9k5skajqw806amk7s	.eJxVjDsOwjAQBe_iGln-ZP2hpOcM0e7a4ACypTipEHdHllJA-2bmvcWM-1bmved1XpI4Cw3i9DsS8jPXQdID671JbnVbF5JDkQft8tpSfl0O9--gYC-jVso50l4z-hjYoDHehxiUzkTWWjUhIyQ2BLfojAdIDjOAz3FK5Fh8vvF7N9U:1uBNx2:yN3eg9uO-M-6ybSoNWIAan3feMbUOUNN6AOv4v7bmDE	2025-05-18 01:15:28.18222+00
ch6igvqzu7d3l1jyfdzunkfk9eeacuy8	.eJxVjMsOwiAQRf-FtSFQ3i7d-w1kYAapGkhKuzL-uzbpQrf3nHNfLMK21rgNWuKM7MykYaffMUF-UNsJ3qHdOs-9rcuc-K7wgw5-7UjPy-H-HVQY9Vub4DxmlIKULCUUJ9C7YClpmKxJUhQrQcmcsiMXIAU_hUKotTZGeEXs_QEP0zge:1u8glY:NucLfW_rPi7Ulri_JbyQ0Y_WIQD6Y3jYio1BCz-mCLY	2025-05-10 14:44:28.067478+00
wukdh7pvjtgrssmogqpty2a60s8d2zbz	.eJxVjEEOwiAQRe_C2pBOO4Dj0n3P0AwMSNVAUtqV8e7apAvd_vfef6mJtzVPW4vLNIu6KDTq9Dt6Do9YdiJ3LreqQy3rMnu9K_qgTY9V4vN6uH8HmVv-1kSEjnsJFiw6gBSQyHOKQmRRBsfubDxQEEQvLJAMc-ccpiFCh716fwAHAzga:1uHIUI:bjag9JjIupXPAZ32x5zCYwPxQkyIrCBm7ShkjcufJqc	2025-06-03 08:38:14.243891+00
ug4l5odyj3srttmtj4b21bkhkkc90y5j	.eJxVjEEOgjAQRe_StWlKC1Pq0j1nIDOdqUVNSSisjHcXEha6_e-9_1YjbmsetyrLOLG6qq5Vl9-RMD6lHIQfWO6zjnNZl4n0oeiTVj3MLK_b6f4dZKx5r8W07ExqhEIIEWLnHQik3nICtsASGSwbj65tMDhjE_qdIPXSE5BXny8eJjjY:1uWXNo:rJ9j2frJhxHGMhGAeAtgCKcVSIgtEV90dv8TRpjvIas	2025-07-15 09:34:32.294119+00
ln4vy207hfwjyvfqaovh4fus1meftq9i	.eJxVjEEOwiAQRe_C2pCBAoJL9z0DmemAVA0kpV0Z765NutDtf-_9l4i4rSVuPS1xZnERSpx-N8LpkeoO-I711uTU6rrMJHdFHrTLsXF6Xg_376BgL98aHDvw2gKHbCArbdDQ2TvtIJHJwavBZ41ssqUUkCiwdjQlawfOAF68P8suN9E:1udDwN:I4I5ySHaziNC1QoOsfYNRMZB6DumCAdHKIlw3rFJtKo	2025-08-02 20:13:51.542974+00
2lppm3xcrudeaok85l7agzk47m8uayig	.eJxVjMsOwiAQAP-FsyGU8th69O43kF2WStVAUtqT8d-VpAe9zkzmJQLuWw57S2tYWJyFVuL0CwnjI5Vu-I7lVmWsZVsXkj2Rh23yWjk9L0f7N8jYcv8aj2iU9uRnGAiGGVBZ0Ga0aI3xiWl0gDDZL2c3KReRIY5RERMCiPcH6oo30w:1uolqb:dB0hmLQSuNLLyGzJx2WUdQXl8321GoT59xovu-74EI0	2025-09-03 16:39:37.309167+00
76kk0578jegbi1nmbs6n6l8x6gt6roxq	.eJxVjEEOwiAQRe_C2pCBAoJL9z0DmemAVA0kpV0Z765NutDtf-_9l4i4rSVuPS1xZnERSpx-N8LpkeoO-I711uTU6rrMJHdFHrTLsXF6Xg_376BgL98aHDvw2gKHbCArbdDQ2TvtIJHJwavBZ41ssqUUkCiwdjQlawfOAF68P8suN9E:1ulSTg:XQNQO5TweE0Owc_AR5gzClbeB17ERGVEt5Aj8Oy8KO0	2025-08-25 13:22:16.038736+00
ew7jem4ko7zfixchcjbl4rfs2n1wkun8	.eJxVjEEOwiAQRe_C2pAyQ4W6dN8zkBkYpGpoUtqV8e7apAvd_vfef6lA21rC1mQJU1IXBahOvyNTfEjdSbpTvc06znVdJta7og_a9DgneV4P9--gUCvf2qEng5ayz5YdUCZwxidBgdTRGQTAEEcEQB7c0OeOyfYGQJBdNqLeHwoROBg:1uH3Bd:4T6TzT9Dybs18_v1PxuWSDAb9Dcar2FC703lHKWcN8U	2025-06-02 16:17:57.147413+00
8hnjepytm8yjr9h4cihvb0qv9jx9br5p	.eJxVjDsOwjAQBe_iGln2BseBkp4zWOv94ABypDipEHeHSCmgfTPzXibhupS0NpnTyOZsojn8bhnpIXUDfMd6myxNdZnHbDfF7rTZ68TyvOzu30HBVr61-EARMHedDt4xSN-JsmPNQD5ywCErKFEPiOAlOIgQvYtKR9ZTDub9AQZjOK4:1tx13c:I_rXL3XbEp78P4D-qCIiL4BlGi37vu6ur3cUBUhohXE	2025-04-08 09:58:52.567325+00
eee7lsgqjhzhx2bhn10ch6mvyyutayhd	.eJxVjMsOwiAQRf-FtSFQ3i7d-w1kYAapGkhKuzL-uzbpQrf3nHNfLMK21rgNWuKM7MykYaffMUF-UNsJ3qHdOs-9rcuc-K7wgw5-7UjPy-H-HVQY9Vub4DxmlIKULCUUJ9C7YClpmKxJUhQrQcmcsiMXIAU_hUKotTZGeEXs_QEP0zge:1u8hnu:g3Xt3kFzRmb1otalHSiAl-8aq_YLJ3FbXWbCczFnnmE	2025-05-10 15:50:58.764762+00
rtupr5fz8se7njx5nkwrrci0o9t7f70i	.eJxVjEEOwiAQRe_C2pBOCzK4dO8ZyAwDUjU0Ke3KeHfbpAvd_vfef6tA61LC2tIcRlEXBV6dfkem-Ex1J_Kgep90nOoyj6x3RR-06dsk6XU93L-DQq1sNQNnHEymKJTd0KFksMJkrAFhR9aIo_OGAHqKLOIJO4yYMvregFOfL0DuOSQ:1uBWdw:ojCup92cMYjAguMKqlTHWqtZXs3iy0IeQH6IUpaer2c	2025-05-18 10:32:20.437907+00
od9h3eol8yrhq65k0n2p7t01ldt9f6d0	.eJxVjEEOwiAQRe_C2pCBAoJL9z0DmemAVA0kpV0Z765NutDtf-_9l4i4rSVuPS1xZnERSpx-N8LpkeoO-I711uTU6rrMJHdFHrTLsXF6Xg_376BgL98aHDvw2gKHbCArbdDQ2TvtIJHJwavBZ41ssqUUkCiwdjQlawfOAF68P8suN9E:1udDwO:NRbzweQOPP62Rqz9H7cp9B6o7Wps6PuZdQW5xhPQI2c	2025-08-02 20:13:52.452633+00
zgi7raj78pc4jzs5y155v6dixyl7l273	.eJxVjEEOwiAQRe_C2hAghaEu3XsGwjCMVA0kpV013t2QdKHb_977hwhx30rYe17DQuIqtLj8bhjTK9cB6Bnro8nU6rYuKIciT9rlvVF-307376DEXkYNySHSlMA7G5GVAatn8JzZZEcTGz9p1Fo7pZCJZg_M5Ey2FthEJz5f9xU4RQ:1uGUfx:A69Y2wsSXIO12Jr3wQt8rLP1GUZP_MiLwhyEx9OfUgA	2025-06-01 03:26:57.697449+00
2ixwj38bwwqktwabsqqkowx9itx05iro	.eJxVjDsOwjAQBe_iGlnY-EtJnzNY6901DiBHipMKcXcSKQW0M_PeWyRYl5rWznMaSVyFEqdflgGf3HZBD2j3SeLUlnnMck_kYbscJuLX7Wj_Dir0uq1jJMKCoClfQgbvyEVbTNRRofW6aO1KxsDOK2YF2rG1ZzQx5MIbNuLzBQZQOLE:1uH7Vy:FjKArFFY-mhUPyzMgjjtax8o0UOEvB43RQfZGFSkDAY	2025-06-02 20:55:14.506741+00
d6oe9fp2d2dhrvidx2frz8gajwqgl1mk	.eJxVjMsOwiAQRf-FtSGhDC-X7v0GMsOgVA0kpV0Z_12adKHbe865bxFxW0vcel7izOIslBOn35EwPXPdCT-w3ptMra7LTHJX5EG7vDbOr8vh_h0U7GXUpDNpqzMSMpgQAji82TR5UMmboIEZJp_QsiKfnXes1AisNxRgSOLzBRVHN8E:1u9VLB:obC15mMD6p-RW8ktvlzfYcERhUNK8MZshu175oqYLuE	2025-05-12 20:44:37.570476+00
14i9p95cv224e8foaxhfvu0u1hle2bc7	.eJxVjEEOwiAQRe_C2hCgDIJL9z0DmWGmUjVtUtqV8e7apAvd_vfef6mM21rz1mTJI6uLCladfkfC8pBpJ3zH6TbrMk_rMpLeFX3QpvuZ5Xk93L-Diq1-azsYQS9nlCDGD9x5jhJSAYDibXIuInhDbEjIOOe5xGQZgMhCRNep9wcaBTgl:1uq4T1:fRhOoVaOP6kqCVG-OWI4HhFZwYdmvD-mzUMWKf3x1iQ	2025-09-07 06:44:39.385752+00
32fk9nntpmjltq0rn937w8kpgff7n217	.eJxVjLEOwjAMRP8lM4rsFOSEkZ1viFzHJQWUSE07Vfw7rdQBttO9d7eayMuc49J0imMyV4PBnH7LnuWlZSfpyeVRrdQyT2Nvd8UetNl7Tfq-He7fQeaWt7USnMlrcKygYcvsEAMIYQokHSqDCBJJGgZykLx2DKDqvLsoAJrPF_4MN8U:1uO0Vm:3miD3Nsnrnhm-L1wtxV13sUQ0n4-D0pbr6rQ1t2OZGI	2025-06-21 20:51:30.331728+00
7ewi2tncnxzntkzkbla37c6117ognaok	.eJxVjEEOwiAQRe_C2pCBAoJL9z0DmemAVA0kpV0Z765NutDtf-_9l4i4rSVuPS1xZnERSpx-N8LpkeoO-I711uTU6rrMJHdFHrTLsXF6Xg_376BgL98aHDvw2gKHbCArbdDQ2TvtIJHJwavBZ41ssqUUkCiwdjQlawfOAF68P8suN9E:1uqGxh:_-P_6l-GNTrWqzxQPyOUEl2VQwJQIRoPRNWK5ma3Sp8	2025-09-07 20:05:09.783866+00
hfh6ryuzvcxvx0dfmscsy2i11ql2duuy	.eJxVjMsOwiAQRf-FtSGl5TG4dO83kIEZpGogKe3K-O_apAvd3nPOfYmA21rC1nkJM4mzMKM4_Y4R04PrTuiO9dZkanVd5ih3RR60y2sjfl4O9--gYC_fGjCjct6rwTK4hEiWjUaVlfbaAGSyikn7zKPNBrJlD5ENDeziNIES7w8VUDhg:1uSkvo:_mKPxhJ1vUjVuKJ6L-INV1F-D0UFXqPhOMcyXwkGYf0	2025-07-04 23:14:00.863976+00
z1ak5l2485agctdeh1ozu3v4ul36cdxs	.eJxVjEEOwiAQRe_C2pCBAoJL9z0DmemAVA0kpV0Z765NutDtf-_9l4i4rSVuPS1xZnERSpx-N8LpkeoO-I711uTU6rrMJHdFHrTLsXF6Xg_376BgL98aHDvw2gKHbCArbdDQ2TvtIJHJwavBZ41ssqUUkCiwdjQlawfOAF68P8suN9E:1uY2QC:2ue1_jDx5uBUwSTwGyc3OZSyC76BbnWSxcWD_EpL1uU	2025-07-19 12:55:12.082128+00
ss74ffussq720yyszegzgi77qkq3va1r	.eJxVjDsOwyAQBe9CHSFYWD4p0_sMCFgcnERYMnYV5e6xJRdJ-2bmvVmI21rD1ssSJmJXhsguv2OK-VnaQegR233meW7rMiV-KPyknQ8zldftdP8Oaux1r-2ogcYM1oCFVAR4D8IaGVVGpcCTt0V4hyahooRgHOnoitQo8i5L9vkC5FA2wQ:1uqYzg:UysaAIg8RT2GhHS4TSFjd2t6OqlHx9-16pS7mdGrKxM	2025-09-08 15:20:24.007904+00
8ndh75c3kezbiep9w0bm3pbcp0ksd5ob	.eJxVjEEOwiAQRe_C2hCgDIJL9z0DmWGmUjVtUtqV8e7apAvd_vfef6mM21rz1mTJI6uLCladfkfC8pBpJ3zH6TbrMk_rMpLeFX3QpvuZ5Xk93L-Diq1-azsYQS9nlCDGD9x5jhJSAYDibXIuInhDbEjIOOe5xGQZgMhCRNep9wcaBTgl:1uqyIT:NNRzoSY845P6qxoOA3RkCYxfqRhgbj_QVIazHxvz6WE	2025-09-09 18:21:29.218176+00
2fzvsq9f1mcp3737eh5eci5vmsroqnzq	.eJxVjMsOwiAQRf-FtSEwDrS4dN9vINOBkaqBpI-V8d-1SRe6veec-1KRtrXEbclznJK6KO_U6XcciR-57iTdqd6a5lbXeRr1ruiDLnpoKT-vh_t3UGgp31p8B2TEnVEQIfTJCbJlFgMJnLEYgJgw-DwCIksyBvogHqWDYK1T7w__rTd4:1uqySG:nyW8a4Hy7acKoebSJVz1CI0CtUKiMpiBpmokuai1rrc	2025-09-09 18:31:36.395208+00
97ct3tskddld8b7ph1jae8vgqvmopbyn	.eJxVjMsOwiAQRf-FtSEwDrS4dN9vINOBkaqBpI-V8d-1SRe6veec-1KRtrXEbclznJK6KO_U6XcciR-57iTdqd6a5lbXeRr1ruiDLnpoKT-vh_t3UGgp31p8B2TEnVEQIfTJCbJlFgMJnLEYgJgw-DwCIksyBvogHqWDYK1T7w__rTd4:1us2M8:CGMY4rM9ngyVXV1eptYdZGLnu-pWwIsSDtHNW2nPfHw	2025-09-12 16:53:40.801688+00
c9d5452peqesk93njuijdhiim5fw6xvq	.eJxVjEEOwiAQRe_C2hCGUggu3XsGMswMUjU0Ke3KeHdt0oVu_3vvv1TCba1p67KkidVZea9Ov2NGekjbCd-x3WZNc1uXKetd0Qft-jqzPC-H-3dQsddvjcKSwYmxCFKEQgHyA9rsIDJQHCEPtgRhRDEQgsWRyhCNJySyjtX7A0VGOWg:1uspee:PN9Sdl0CLpzrLhuzUWivod_w2eQASln6bT7CB8AOZAo	2025-09-14 21:32:04.525147+00
pohrs4jjqa5rbvh3h93zb5iermtzdydp	.eJxVjMsOwiAQAP-FsyHdbnl59N5vIMAutmogKe3J-O-GpAe9zkzmLXw49sUfjTe_krgKEJdfFkN6cumCHqHcq0y17NsaZU_kaZucK_HrdrZ_gyW0pW8ZnCFSQ07Zjg6QgK0CrdjFgMw5j-jsNBBGE9HgMCWjWRNkh3kag_h8AeUqN-A:1tx1EP:jQinc9ZeEpFGnkbZAxKuXXrxNbxJ5AsGhGMPw5uv15Y	2025-04-08 10:10:01.304809+00
d1kkzrh8mkyk9q51wf558lsq8n48erow	.eJxVjEEOwiAQRe_C2hCGDuno0r1nIAwDUjWQlHZlvLtt0oVu_3v_vZUP61L82tPsJ1EXBer0u3GIz1R3II9Q703HVpd5Yr0r-qBd35qk1_Vw_wIl9LK9LYKLQNYlYDZBIFtJ5yGSIdkqBJkNmoHGbCTYiJwJMDt0KKOTBOrzBeb_OBg:1uHJvC:3jDnh7-47S3C8iiwQ8zfTGqKIueUKwHJhezjSUYMVGI	2025-06-03 10:10:06.851329+00
0cf41nemdiwa07jxemmb6rgghk9cb2vj	.eJxVjEEOwiAQRe_C2pCBAoJL9z0DmemAVA0kpV0Z765NutDtf-_9l4i4rSVuPS1xZnERSpx-N8LpkeoO-I711uTU6rrMJHdFHrTLsXF6Xg_376BgL98aHDvw2gKHbCArbdDQ2TvtIJHJwavBZ41ssqUUkCiwdjQlawfOAF68P8suN9E:1udE1O:JKRvdA39Zgct8s5-T4ba7wpu7YgLIHPwJ9x8IpJbW8M	2025-08-02 20:19:02.815053+00
2mpaxp16xeqrg5647fozeumx9muzrwyj	.eJxVjMsOwiAQAP-FsyGU8th69O43kF2WStVAUtqT8d-VpAe9zkzmJQLuWw57S2tYWJyFVuL0CwnjI5Vu-I7lVmWsZVsXkj2Rh23yWjk9L0f7N8jYcv8aj2iU9uRnGAiGGVBZ0Ga0aI3xiWl0gDDZL2c3KReRIY5RERMCiPcH6oo30w:1uKjFz:gy3R9_UKE62VXspZEJceDOj4DTLqzCBnBWmldosL7z4	2025-06-12 19:49:39.938414+00
1bzpkp9m9i3yalud62q14z5bwwu0pu6m	.eJxVjEEOwiAQRe_C2pCBAoJL9z0DmemAVA0kpV0Z765NutDtf-_9l4i4rSVuPS1xZnERSpx-N8LpkeoO-I711uTU6rrMJHdFHrTLsXF6Xg_376BgL98aHDvw2gKHbCArbdDQ2TvtIJHJwavBZ41ssqUUkCiwdjQlawfOAF68P8suN9E:1uNTJi:_cpqesnropWhlKGzUuztd37znicdw_BgfT8xMtylZUs	2025-06-20 09:24:50.821635+00
9i0if5dv19uxp65lf77rogp36c7ty5m8	.eJxVjEEOwiAQRe_C2pAyQ4W6dN8zkBkYpGpoUtqV8e7apAvd_vfef6lA21rC1mQJU1IXBahOvyNTfEjdSbpTvc06znVdJta7og_a9DgneV4P9--gUCvf2qEng5ayz5YdUCZwxidBgdTRGQTAEEcEQB7c0OeOyfYGQJBdNqLeHwoROBg:1uGuiy:wJ2Ovw2dStzNwvTGCnvNwhQjlfQ5R1xQSRUqKSx2HqE	2025-06-02 07:15:48.847567+00
yr2v3sfh7a54rf6jsjfbspnxfr70asyp	.eJxVjEEOwiAQRe_C2pCBAoJL9z0DmemAVA0kpV0Z765NutDtf-_9l4i4rSVuPS1xZnERSpx-N8LpkeoO-I711uTU6rrMJHdFHrTLsXF6Xg_376BgL98aHDvw2gKHbCArbdDQ2TvtIJHJwavBZ41ssqUUkCiwdjQlawfOAF68P8suN9E:1uY2Sf:pRwMqOesCb8LGOWvnCb6GZjmt7MorY5jHaGFxJc638k	2025-07-19 12:57:45.992058+00
sk0rvy25s3on0yxb88wypye9v6ehkjxf	.eJxVjMsOwiAQRf-FtSGUNy7d-w1kZgCpGkhKuzL-uzbpQrf3nHNfLMK21riNvMQ5sTMzjp1-RwR65LaTdId265x6W5cZ-a7wgw5-7Sk_L4f7d1Bh1G-NygVnvXKiICWp0AmdqGQZSpkgACllLdnsdfFWimCMnlBICTkUQIns_QEOZThB:1unqnZ:ImAlFcQsNytw5Be4rSuBZL3o7emEAqruFX0ytzae_bE	2025-09-01 03:44:41.307579+00
sdv7kdx6xpq7zt9bklvqmevrhtxj13pp	.eJxVjMsOwiAQRf-FtSEwDrS4dN9vINOBkaqBpI-V8d-1SRe6veec-1KRtrXEbclznJK6KO_U6XcciR-57iTdqd6a5lbXeRr1ruiDLnpoKT-vh_t3UGgp31p8B2TEnVEQIfTJCbJlFgMJnLEYgJgw-DwCIksyBvogHqWDYK1T7w__rTd4:1uuG81:JeK23xraKx3ai7kLQ03vEc8qhymk5mehHSXt3mYOdOc	2025-09-18 20:00:17.162567+00
4ck2wv3kiqibjxuto401d3wsrev5glmu	e30:1uuJvC:zMABbVOpVVveqHnbHHpbGvevBAR2fVnGCQQp9AuMxKE	2025-09-19 00:03:18.074773+00
x8j72t58qwi30cizt61jh2myqpnke7fz	.eJxVjEEOwiAQRe_C2pCBAoJL9z0DmemAVA0kpV0Z765NutDtf-_9l4i4rSVuPS1xZnERSpx-N8LpkeoO-I711uTU6rrMJHdFHrTLsXF6Xg_376BgL98aHDvw2gKHbCArbdDQ2TvtIJHJwavBZ41ssqUUkCiwdjQlawfOAF68P8suN9E:1uuNl0:BsYd-C7Y8sVLeAnG2unG6Yo9nIdBhCnKcGATHhuIvHo	2025-09-19 04:09:02.282092+00
2vuw7newl2qk2ymmqbk504ga3bgwiq1m	.eJxVjMsOwiAQAP-FsyHdbnl59N5vIMAutmogKe3J-O-GpAe9zkzmLXw49sUfjTe_krgKEJdfFkN6cumCHqHcq0y17NsaZU_kaZucK_HrdrZ_gyW0pW8ZnCFSQ07Zjg6QgK0CrdjFgMw5j-jsNBBGE9HgMCWjWRNkh3kag_h8AeUqN-A:1tx1I5:AZ23MQrpv3M3BLwyJjwavgPJ64Q_nv1pgQDJso5kPiY	2025-04-08 10:13:49.16166+00
i1qdsw22lni57c8ljlbivi4q75c3earo	.eJxVjMsOwiAQAP-FsyGU8th69O43kF2WStVAUtqT8d-VpAe9zkzmJQLuWw57S2tYWJyFVuL0CwnjI5Vu-I7lVmWsZVsXkj2Rh23yWjk9L0f7N8jYcv8aj2iU9uRnGAiGGVBZ0Ga0aI3xiWl0gDDZL2c3KReRIY5RERMCiPcH6oo30w:1udiaV:AR3ayOiq1f3ATmg20DG_UbucR-KUCCJh8fz-DYcZ_OU	2025-08-04 04:57:19.216799+00
gluptbwp30rp9hxp5iu47dr0tzdakc1a	.eJxVjMsOwiAQAP-FsyHdbnl59N5vIMAutmogKe3J-O-GpAe9zkzmLXw49sUfjTe_krgKEJdfFkN6cumCHqHcq0y17NsaZU_kaZucK_HrdrZ_gyW0pW8ZnCFSQ07Zjg6QgK0CrdjFgMw5j-jsNBBGE9HgMCWjWRNkh3kag_h8AeUqN-A:1u2V6N:wfOaP8rRnfatG4gUjT9JKsNqXfPAFGl2ZVMz5sTPtg8	2025-04-23 13:04:23.554545+00
mc80y3rd74jcpp1c8qggl2087t2gymw4	.eJxVjMsOwiAQAP-FsyHdbnl59N5vIMAutmogKe3J-O-GpAe9zkzmLXw49sUfjTe_krgKEJdfFkN6cumCHqHcq0y17NsaZU_kaZucK_HrdrZ_gyW0pW8ZnCFSQ07Zjg6QgK0CrdjFgMw5j-jsNBBGE9HgMCWjWRNkh3kag_h8AeUqN-A:1u8iHh:G8jeo7zTehbSijxssN-Ry60HDfdhM7sNMhnmJFnr7gI	2025-05-10 16:21:45.689853+00
w01uj2wbypxw1n6onpj2x1rzmest06ds	.eJxVjEEOwiAQRe_C2hCGDuno0r1nIAwDUjWQlHZlvLtt0oVu_3v_vZUP61L82tPsJ1EXBer0u3GIz1R3II9Q703HVpd5Yr0r-qBd35qk1_Vw_wIl9LK9LYKLQNYlYDZBIFtJ5yGSIdkqBJkNmoHGbCTYiJwJMDt0KKOTBOrzBeb_OBg:1uHJzw:0dYZ2qnzVp8C7paMOLJI06Oaoxl2iQc-81Odcc0LSaU	2025-06-03 10:15:00.295899+00
clll5l67ob4hribh6qjzmdmh57ly307a	.eJxVjDsOwjAQBe_iGlnxV15Kes5g7XodHEC2FCdVxN1JpBTQzsx7m4i4LiWuPc9xYnEVIC6_jDC9cj0EP7E-mkytLvNE8kjkabu8N87v29n-HRTsZV9T8EDO6hBUdsw2IzMM5JMbDY5KZztgMN6ABnZOARJoB3ZnZJWnJD5f6Uk3tA:1uAGYQ:hKRiq-OTIkdEkeXk0hULGhS_P6ryi-hCJ4Lo95PXL3M	2025-05-14 23:09:26.727158+00
yjvgyeo287dgq8ckid1efa432yedtuc7	.eJxVjEEOwiAQRe_C2hAKUygu3XsGMsOAVA0kpV0Z765NutDtf-_9lwi4rSVsPS1hZnEWA4jT70gYH6nuhO9Yb03GVtdlJrkr8qBdXhun5-Vw_w4K9vKtTTSUlJpMzGa0zht2OAJmiJmVBQsGI6DWXmOerKaUvLfAGklpNzCJ9wcHjzgq:1uNnMX:AHtf9seHA1zX1REfI6RXVs8aFMsxOSevS-XnlH_gB64	2025-06-21 06:49:05.653139+00
e0e8sdcpbe08vzidt1714qz74lwnatf3	.eJxVjEEOwiAQRe_C2pCBAoJL9z0DmemAVA0kpV0Z765NutDtf-_9l4i4rSVuPS1xZnERSpx-N8LpkeoO-I711uTU6rrMJHdFHrTLsXF6Xg_376BgL98aHDvw2gKHbCArbdDQ2TvtIJHJwavBZ41ssqUUkCiwdjQlawfOAF68P8suN9E:1ukRSu:_SMCiZKw87YUo3Bg3ID-hmrJcTYomomILlluCYB3xIk	2025-08-22 18:05:16.952015+00
1mg6uzuxejx4taynv5yetok82plwoc8l	.eJxVjDsOwjAQBe_iGln2BseBkp4zWOv94ABypDipEHeHSCmgfTPzXibhupS0NpnTyOZsojn8bhnpIXUDfMd6myxNdZnHbDfF7rTZ68TyvOzu30HBVr61-EARMHedDt4xSN-JsmPNQD5ywCErKFEPiOAlOIgQvYtKR9ZTDub9AQZjOK4:1tx1Lb:8zM91FyuBIFjcdisR9xNcS0IbtW1OFekbHQXG9m6NJc	2025-04-08 10:17:27.159336+00
m04g6tur8u4lcv09zoiwh2ic6i4y9f6t	.eJxVjEEOwiAQRe_C2pCBAoJL9z0DmemAVA0kpV0Z765NutDtf-_9l4i4rSVuPS1xZnERSpx-N8LpkeoO-I711uTU6rrMJHdFHrTLsXF6Xg_376BgL98aHDvw2gKHbCArbdDQ2TvtIJHJwavBZ41ssqUUkCiwdjQlawfOAF68P8suN9E:1uHKtl:ECxpcFbOwMnApaDgXckRgC779ltDP01ppSCdb7N6diw	2025-06-03 11:12:41.554836+00
62fsxjamjnd6fjz60r30ubpi0hk32g0c	.eJxVjDsOwjAQBe_iGlle_01Jzxms9XpNAiiR4qRC3B0ipYD2zcx7iYzbOuSt85LHKs7CJXH6HQvSg6ed1DtOt1nSPK3LWOSuyIN2eZ0rPy-H-3cwYB--dSOohBZCAkUGUiBWzRpvkiPdgK2KPjQdvfFe1ZgqABdMqKMipxuL9wf_MTew:1ug7FJ:CR3nhuSBB5PUwHIDvo97gOsejxEZu_eInTlkheiO7cY	2025-08-10 19:41:21.499667+00
m8vci7ictizwnx2yyn7oqk63xtt6isvm	.eJxVjMsOwiAQRf-FtSFQ3i7d-w1kYAapGkhKuzL-uzbpQrf3nHNfLMK21rgNWuKM7MykYaffMUF-UNsJ3qHdOs-9rcuc-K7wgw5-7UjPy-H-HVQY9Vub4DxmlIKULCUUJ9C7YClpmKxJUhQrQcmcsiMXIAU_hUKotTZGeEXs_QEP0zge:1uAcWf:sSz5uJkHEVVxyxunUl5MMCDcrGX4mDjGSvRvnVCvqNU	2025-05-15 22:37:05.44353+00
vndpoms6pkju8moqrta9xlbjjg9be1zf	.eJxVjEEOwiAQRe_C2hBAOwwu3XsGMgyDVA1NSrsy3l2bdKHb_977LxVpXWpcu8xxzOqsrFWH3zERP6RtJN-p3SbNU1vmMelN0Tvt-jpleV529--gUq_f2gXAIRUWGggQHQUGKETEjm3xJhUEQ97CKXiEjF6E0RWhgmz46NT7AyDmONk:1u3eeG:cZ0qtnDUjf2MUygGyZ0wCCSHyKj2Kn0adQoOcxR736k	2025-04-26 17:28:08.905842+00
v72ehsb664n8u7musakgj6i018dmw2ax	.eJxVjEEOwiAQRe_C2pCBAoJL9z0DmemAVA0kpV0Z765NutDtf-_9l4i4rSVuPS1xZnERSpx-N8LpkeoO-I711uTU6rrMJHdFHrTLsXF6Xg_376BgL98aHDvw2gKHbCArbdDQ2TvtIJHJwavBZ41ssqUUkCiwdjQlawfOAF68P8suN9E:1uuDxT:y1lXcJIpYqG-rxkH9ylXNtn0R6FjofcZJ3kzATjZ17c	2025-09-18 17:41:15.448649+00
6y1amnyrdkeezy7sb649m96w63tcg69j	.eJxVjMsOwiAQRf-FtSFQmIIu3fcbyDAzlaqBpI-V8d-1SRe6veec-1IJt7WkbZE5TawuCpw6_Y4Z6SF1J3zHemuaWl3nKetd0Qdd9NBYntfD_TsouJRvbZxFC9xTDAE7Yy1xBIMRvAQagx8zg-87RhdAUByx6WDsz2jRkzOg3h_8FTfx:1uPnzB:Y5yl5rsjlgHCR3GCNyuuTlYY4tis5RMqPpnRsY9PJG8	2025-06-26 19:53:17.441098+00
pebfu9vg10klz24qgiqc2hdyhyrlnjii	.eJxVjEEOwiAQRe_C2pCBAoJL9z0DmemAVA0kpV0Z765NutDtf-_9l4i4rSVuPS1xZnERSpx-N8LpkeoO-I711uTU6rrMJHdFHrTLsXF6Xg_376BgL98aHDvw2gKHbCArbdDQ2TvtIJHJwavBZ41ssqUUkCiwdjQlawfOAF68P8suN9E:1ukUTn:ZbNyYXTENivxRntbFvG9X_ZfK_6k45hVH4hCzZQg27E	2025-08-22 21:18:23.821993+00
rw0zsmmnu75z4k3gsqeu112l8r3nvjvd	.eJxVjLEOwjAMRP8lM4rsFOSEkZ1viFzHJQWUSE07Vfw7rdQBttO9d7eayMuc49J0imMyV4PBnH7LnuWlZSfpyeVRrdQyT2Nvd8UetNl7Tfq-He7fQeaWt7USnMlrcKygYcvsEAMIYQokHSqDCBJJGgZykLx2DKDqvLsoAJrPF_4MN8U:1uaYJ5:j5lINKcr_SYaKv1bxYQO72DAemUgB_A4IBtWpZaaJjQ	2025-07-26 11:22:15.184623+00
x395vof5llf0weupbz36s3gmd5dxt9z9	.eJxVjMsOwiAQAP-FsyHdbnl59N5vIMAutmogKe3J-O-GpAe9zkzmLXw49sUfjTe_krgKEJdfFkN6cumCHqHcq0y17NsaZU_kaZucK_HrdrZ_gyW0pW8ZnCFSQ07Zjg6QgK0CrdjFgMw5j-jsNBBGE9HgMCWjWRNkh3kag_h8AeUqN-A:1tx1Wo:1rXkHblPziIa-kuX-VLSOWWidnd0r5-ovevmCVohN8o	2025-04-08 10:29:02.366783+00
7hswc2n9c0mv7mdywxn2dp1u04isgufw	.eJxVjMsOwiAQRf-FtSGhDC-X7v0GMsOgVA0kpV0Z_12adKHbe865bxFxW0vcel7izOIslBOn35EwPXPdCT-w3ptMra7LTHJX5EG7vDbOr8vh_h0U7GXUpDNpqzMSMpgQAji82TR5UMmboIEZJp_QsiKfnXes1AisNxRgSOLzBRVHN8E:1u8jil:tv4ki-Y_kV2qFRybS8GVHixJgPDWV9UykV4oJpurfDw	2025-05-10 17:53:47.520896+00
ajjmyzd01vjdl3tlkuvu01xhuq3vavd2	.eJxVjMsOwiAQRf-FtSGF4VFcuvcbyAxDpWogKe3K-O_apAvd3nPOfYmI21ri1vMSZxZnobQ4_Y6E6ZHrTviO9dZkanVdZpK7Ig_a5bVxfl4O9--gYC_f2uohmKA5GYdjGKdMqL0bglMqOyAg5fXkyWIC9gzeOk42JIJglAHQ4v0B7Vc3TA:1u3LW2:OMe6JjJsa23tBT33okg5a3A2HroyoWNYmYjd3wMKRpk	2025-04-25 21:02:22.646312+00
srv5aybuwlmkn71oxbnnsim6sb8o913e	.eJxVjEEOwiAQRe_C2hCGAEWX7j0DmYFBqgaS0q6Md7ckXej2v_f-WwTc1hK2zkuYk7gI48TpdySMT66DpAfWe5Ox1XWZSQ5FHrTLW0v8uh7u30HBXvbaG-Apo_cRM4CnCbS2XpszgbE6W0pMSoEbyGbngTNaRNgFxTmy-HwB_DQ4Mw:1uHNot:4R80SvjAmyT1E6qkqhk7Hsj_8hAII8Z4hHMxji30Dn0	2025-06-03 14:19:51.982959+00
eol7yb25ohvikxqanung7ctslzs6xdor	.eJxVjDEOwjAMRe-SGUVOSlzDyM4ZIsdxSAG1UtNOiLtDpQ6w_vfef5nI61Lj2nSOQzZn48gcfsfE8tBxI_nO422yMo3LPCS7KXanzV6nrM_L7v4dVG71WxeWHqBIYH8Cwk4pJFIAp8iCpNkzKjrxDCW4jkLIPRO6InjEDtC8PxKxN9I:1uAeRw:8wWNwiWKUyHP78AsQTAeGSp3P-ZF6tkNidPT64Rq-LI	2025-05-16 00:40:20.138808+00
yvt7vrbzdb8t5qjpnzkx69pbq64wx45w	.eJxVjMsOwiAQAP-FsyGU8th69O43kF2WStVAUtqT8d-VpAe9zkzmJQLuWw57S2tYWJyFVuL0CwnjI5Vu-I7lVmWsZVsXkj2Rh23yWjk9L0f7N8jYcv8aj2iU9uRnGAiGGVBZ0Ga0aI3xiWl0gDDZL2c3KReRIY5RERMCiPcH6oo30w:1uQ0WT:tw0nquFhhug_5bgnNcSbL-9ZoBWQQZJSzVD3cCl1EBE	2025-06-27 09:16:29.420049+00
7n0c1cb7bvn1xrilohf5gq5lttrgt259	.eJxVjDsOwyAQBe9CHSFYWD4p0_sMCFgcnERYMnYV5e6xJRdJ-2bmvVmI21rD1ssSJmJXhsguv2OK-VnaQegR233meW7rMiV-KPyknQ8zldftdP8Oaux1r-2ogcYM1oCFVAR4D8IaGVVGpcCTt0V4hyahooRgHOnoitQo8i5L9vkC5FA2wQ:1uixtn:2sO5gJecJKsuIU2Tw_FtwHDprmPh1BeNbQNQIr_-DiA	2025-08-18 16:18:55.594184+00
14f16p3tdx4jkb5wrzuy1zd2hi95uaxp	.eJxVjDEOgzAMRe-SuYqMCY7p2J0zoJiYQlslEoGp6t0LEkO7vvf-f5s-bOvUb0WXfo7magjN5RdKGJ6aDhMfId2zHXJal1nskdjTFtvlqK_b2f4dTKFM-xqhjqANeWmQmVFgrFoU1_gqOhatSWpHHpgYRgcYRRGEtFXf0k7M5wvY5jbu:1unISE:Rr3xdKknvR13JCfRjbQRWXd7cqwpPGRrmwepYUfRgRE	2025-08-30 15:04:22.385002+00
8kq2rtp1zxqh96ote99b7wje3abn22wf	.eJxVjMsOwiAQRf-FtSEwDrS4dN9vINOBkaqBpI-V8d-1SRe6veec-1KRtrXEbclznJK6KO_U6XcciR-57iTdqd6a5lbXeRr1ruiDLnpoKT-vh_t3UGgp31p8B2TEnVEQIfTJCbJlFgMJnLEYgJgw-DwCIksyBvogHqWDYK1T7w__rTd4:1uuE09:jTZzlMaTr5Q5v1tIA19z8XKlOz9tJqlHQnXs_jVHDrU	2025-09-18 17:44:01.65009+00
6k1uwp9bqmporw39562izz7a1h9qcqqj	.eJxVjEEOwiAQRe_C2pCBAoJL9z0DmemAVA0kpV0Z765NutDtf-_9l4i4rSVuPS1xZnERSpx-N8LpkeoO-I711uTU6rrMJHdFHrTLsXF6Xg_376BgL98aHDvw2gKHbCArbdDQ2TvtIJHJwavBZ41ssqUUkCiwdjQlawfOAF68P8suN9E:1uIAnA:KrrRvbg-Xm_-CYwCs43IPLViXza2rYvJba-r-XwVB_g	2025-06-05 18:37:20.574035+00
urce4lewmrnz10trti5r29imssj2yh76	.eJxVjDsOwjAQBe_iGlnxV15Kes5g7XodHEC2FCdVxN1JpBTQzsx7m4i4LiWuPc9xYnEVIC6_jDC9cj0EP7E-mkytLvNE8kjkabu8N87v29n-HRTsZV9T8EDO6hBUdsw2IzMM5JMbDY5KZztgMN6ABnZOARJoB3ZnZJWnJD5f6Uk3tA:1uQDzj:9N085MmL-Ax6sqNYsSgmxAtmuRZYsxWXf4VWGEc-JqA	2025-06-27 23:39:35.400836+00
fvpyrzu22tjsiakzaf32hefw7rv7c0us	.eJxVjDsOwjAQBe_iGlmJ179Q0nMGa727xgGUSHFSIe4OkVJA-2bmvVTCba1pa7KkkdVZ9b06_Y4Z6SHTTviO023WNE_rMma9K_qgTV9nluflcP8OKrb6rYNAKc5ZHwNwQcw2DpE4CPVcOBprTXYdGJSO2COA8WQhcCdDDA4G9f4AGYQ4FA:1u8k4u:4Qn4dJIPP_7yK5ZoeUtSjI3D6K0HV8lR3i2BwLo1tSo	2025-05-10 18:16:40.126976+00
3jaenuo8ese4idf8m7yu7wi4j6lwym70	.eJxVjEsKwjAUAO-StQRfmx8u3XuG8D6JqUoCTbsS7y6BLnQ7M8xbRdy3Evee1riIuqigTr-MkJ-pDiEPrPemudVtXUiPRB-261uT9Loe7d-gYC9jK_NkCPPsM1hgmYhMRicAjpIhYkawFlPIJgNm52V2wTGT84CCZ_X5AhMKOT4:1uFmho:261gbNh3fzQQV9ryMN2TNknfLLg6FJXS2QEPH9XHl0I	2025-05-30 04:29:56.264016+00
1n1zcpgdlsqgi5b5y8cnfqc2ykn4oh9d	.eJxVjDsOwjAQBe_iGllxsusPJT1nsNbrDQ4gR4qTCnF3iJQC2jcz76UibWuJW5MlTlmdFVp1-h0T8UPqTvKd6m3WPNd1mZLeFX3Qpq9zluflcP8OCrXyrYfBY-g7SkjWiw_JgEMy5MELQw_AiMaFMUEOJIaN5dA5w4HcCJSden8A7bE3uA:1ucTYa:og4Hu-1zl35viP7Rk8JnYbMz3cL27r3hQKg6dgoaXdw	2025-07-31 18:42:12.246785+00
fapu3m3v3urjiplj4wffmt98f6ny8ol6	.eJxVjEsOwiAUAO_C2hB-peDSfc9AHryHVA0kpV0Z725IutDtzGTeLMCxl3B02sKK7MqsZJdfGCE9qQ6DD6j3xlOr-7ZGPhJ-2s6XhvS6ne3foEAv4-uzUz5LnCLOFkEkCeAmRahUFNFpJy0J0sbPihzJbCwko7TO3lgiwz5fD4E4EA:1ukpvm:n-0dJLUUt6jIzpLkKozqQw30elktz_39LuqIg495adw	2025-08-23 20:12:42.00354+00
x2ab1d53lqy4qazcmg6g0gd0qn6nilvy	.eJxVjMsOwiAQAP-FsyHdbnl59N5vIMAutmogKe3J-O-GpAe9zkzmLXw49sUfjTe_krgKEJdfFkN6cumCHqHcq0y17NsaZU_kaZucK_HrdrZ_gyW0pW8ZnCFSQ07Zjg6QgK0CrdjFgMw5j-jsNBBGE9HgMCWjWRNkh3kag_h8AeUqN-A:1u3cmu:aI1LSlkoqcLz1uz8fCBZWNUCjQ7hm7SQWoxvtdu5XHo	2025-04-26 15:28:56.467297+00
tvvub6fqk4u0gs1xcs67sccp92j600bn	.eJxVjEEOwiAQRe_C2pAByiAu3XsGMjAgVUOT0q6Md7dNutDte-__twi0LjWsPc9hZHERaMTpF0ZKz9x2ww9q90mmqS3zGOWeyMN2eZs4v65H-3dQqddt7aI3HhWpkmwG1gosxOhy8kgZlEbyyYJBM5SNOdCMRTF4Gs4-uWjF5wsBADfT:1unM6t:TiZD3POmE9jvJa-cHSTvcOv2Ge6bHc1TYg1fHD1DnLs	2025-08-30 18:58:35.249303+00
k0nvrltjsfnx4tzelcknds6s5xz60xnc	.eJxVjMsOwiAQAP-FsyHdbnl59N5vIMAutmogKe3J-O-GpAe9zkzmLXw49sUfjTe_krgKEJdfFkN6cumCHqHcq0y17NsaZU_kaZucK_HrdrZ_gyW0pW8ZnCFSQ07Zjg6QgK0CrdjFgMw5j-jsNBBGE9HgMCWjWRNkh3kag_h8AeUqN-A:1txxLn:19N3y1vylJsM53G1oTXi5Asel6tI0dmVNOVzsHM5EWY	2025-04-11 00:13:31.36455+00
oho6xe3a4ga2def6ftcl7q667joogfsc	.eJxVjDsOwjAQBe_iGln-sLZMSc8ZrN31GgdQIsVJFXF3iJQC2jczb1MZ16Xltcuch6Iuynp1-h0J-SnjTsoDx_ukeRqXeSC9K_qgXd-mIq_r4f4dNOztWzMZ48RxdckBiceSIkB0Cc7MhiFgDSZaCdaAj-wLSbSuevKWqSCo9wcEYjga:1u4H4s:cL222amr16ErELWkkep1ZCpxvXI-R44GYgcV58sakfI	2025-04-28 10:30:10.669356+00
345kwxp5z0p4jb6q24l75jfyr8xfo9bj	.eJxVjDsOwjAQBe_iGll2_FtT0nMGa9cfHEC2FCcV4u4QKQW0b2beiwXc1hq2kZcwJ3Zm2rHT70gYH7ntJN2x3TqPva3LTHxX-EEHv_aUn5fD_TuoOOq3zs4WANBGoNd68kjSaiJjQERwglySBaWV3nuji1HoZLR2ApWSoaiAvT_oiDc0:1uKFES:mP2cpeFT3aayvwwp9FOzgRmJ_wPBLnUYdgJeNs8RqAw	2025-06-11 11:46:04.813257+00
dnh3qknrb50m1o1oxfqo5nezp778dzpo	.eJxVjDsOAiEUAO9CbQj_j6X9noEA7yGrBpJltzLe3ZBsoe3MZN4kxGOv4Ri4hRXIlRhGLr8wxfzENg08Yrt3mnvbtzXRmdDTDrp0wNftbP8GNY46vwaddGCyLSpbzjUUywrTQiZwxqFH4bL3RRtlEpPIY9Qie6sgYZJKkc8X_6w38g:1unn82:DvZo9bqFVQwNsOkoOG-_d5US2-qOrxwp0iYPnJJEiLc	2025-08-31 23:49:34.767297+00
7s541pj1ziou7qotqvaxb1rxi2vhcqva	.eJxVjEEOgjAQRe_StWlKC1Pq0j1nIDOdqUVNSSisjHcXEha6_e-9_1YjbmsetyrLOLG6qq5Vl9-RMD6lHIQfWO6zjnNZl4n0oeiTVj3MLK_b6f4dZKx5r8W07ExqhEIIEWLnHQik3nICtsASGSwbj65tMDhjE_qdIPXSE5BXny8eJjjY:1uWXGT:ObBfP_Dndclx3E7g50i5X5G-7mOTARrvSpoOap3ZOXM	2025-07-15 09:26:57.197851+00
71qeiqu08vtt7j90i1m2y5on1lsrlrsi	.eJxVjMsOwiAQRf-FtSGUNy7d-w1kZgCpGkhKuzL-uzbpQrf3nHNfLMK21riNvMQ5sTMzjp1-RwR65LaTdId265x6W5cZ-a7wgw5-7Sk_L4f7d1Bh1G-NygVnvXKiICWp0AmdqGQZSpkgACllLdnsdfFWimCMnlBICTkUQIns_QEOZThB:1uchOO:PWkxkNo1SmnFROPnIU2gAkKMCaOmdHYgihnRjoU-Qiw	2025-08-01 09:28:36.144843+00
rzszubi2y1k3rzkcumzjeiup1thbaf4e	.eJxVjMsOwiAQAP-FsyHdbnl59N5vIMAutmogKe3J-O-GpAe9zkzmLXw49sUfjTe_krgKEJdfFkN6cumCHqHcq0y17NsaZU_kaZucK_HrdrZ_gyW0pW8ZnCFSQ07Zjg6QgK0CrdjFgMw5j-jsNBBGE9HgMCWjWRNkh3kag_h8AeUqN-A:1txxLo:FDHe18PsqA_9l8mSHp3Px-0whHAB1a28zWXUhMgUiYY	2025-04-11 00:13:32.23204+00
4awiku9tim5wk6c1cpbtd5k0bfky130h	.eJxVjEEOwiAQRe_C2pDCUBhcuvcMzQCDVA0kpV0Z765NutDtf-_9l5hoW8u0dV6mOYmzGFGcfsdA8cF1J-lO9dZkbHVd5iB3RR60y2tL_Lwc7t9BoV6-tbHkUTEBam3ZexucH0E5lwcavMsWEMDnEVUwmZPBSMAONIEyWWMQ7w_jgDc8:1uclRE:UEQdq0EO79NA8xFCL0sKMCBYgLLFPEf5zpiQbWEEVzc	2025-08-01 13:47:48.757825+00
m3hl0viye936vl5do9qtovjx4n1ia8pt	.eJxVjMsOwiAQRf-FtSHAlEdduvcbCAyDVA0kpV0Z_11JutDtPefcF_Nh34rfO61-SezMJsdOv2MM-KA6SLqHemscW93WJfKh8IN2fm2JnpfD_TsooZdvbYRVwpkZ7YwIGdBq5SKqnBRKEUDISINlUIYmQIlgcwQtpUDSNrH3B_54N_0:1uKaUG:HM2AhqRuGUMUoH4ILXdJ3w5QCAjUndGNt30W1aXoT_0	2025-06-12 10:27:48.346485+00
m71rtancsl9sjxxj5bqv0z4u8pqcrmiu	.eJxVjDsOwjAQBe_iGll2_FtT0nMGa9cfHEC2FCcV4u4QKQW0b2beiwXc1hq2kZcwJ3Zm2rHT70gYH7ntJN2x3TqPva3LTHxX-EEHv_aUn5fD_TuoOOq3zs4WANBGoNd68kjSaiJjQERwglySBaWV3nuji1HoZLR2ApWSoaiAvT_oiDc0:1uTzmj:QgPrzItxSlclZ8FtofNgfFeuysos1mfnzsfsDgsGNBI	2025-07-08 09:17:45.789167+00
ejb8si9904zsk90mukd1blwo2n6tjdcv	.eJxVjEEOwiAQRe_C2pCBAoJL9z0DmemAVA0kpV0Z765NutDtf-_9l4i4rSVuPS1xZnERSpx-N8LpkeoO-I711uTU6rrMJHdFHrTLsXF6Xg_376BgL98aHDvw2gKHbCArbdDQ2TvtIJHJwavBZ41ssqUUkCiwdjQlawfOAF68P8suN9E:1uuGc8:42fBT0uX1xxZIw-vP3_S27rOhvMFdAOb9JXpSohPI8o	2025-09-18 20:31:24.556798+00
3tnjbzeqlavtburhqe32osh9448pjyuc	.eJxVjEsOAiEQBe_C2hAmdBri0r1nIN10I6MGkvmsjHdXklnotqree5lE-1bTvuqSZjFng2BOv5ApP7QNI3dqt25zb9sysx2JPexqr130eTnav4NKa_2uFaTIxCEGhyELCAWIXoD9RASqgZ0HjECFMUMpgE6ZhAdBdc68PyvKOSE:1unqgn:IMZzVCX-4wfhYL1hdVa3CBfQDbR5uPVFU5MDPRb-Ebg	2025-09-01 03:37:41.657936+00
l71dwvljdn03dxn25iege2v89umet08p	.eJxVjMsOwiAQAP-FsyHdbnl59N5vIMAutmogKe3J-O-GpAe9zkzmLXw49sUfjTe_krgKEJdfFkN6cumCHqHcq0y17NsaZU_kaZucK_HrdrZ_gyW0pW8ZnCFSQ07Zjg6QgK0CrdjFgMw5j-jsNBBGE9HgMCWjWRNkh3kag_h8AeUqN-A:1txxLp:CXagUgwfNwhbkY3PRcKvOkmjMbnRbpw3B9IDfpWzFIU	2025-04-11 00:13:33.105829+00
6mi9qwzo4zzwqjjpaj3jtiqw2mcs9sx5	.eJxVjDsOwjAQBe_iGllgrz-hpOcM0e56gwPIluKkQtwdLKWA9s3Me6kRtzWPW5NlnJM6K4jq8DsS8kNKJ-mO5VY117IuM-mu6J02fa1Jnpfd_TvI2HKvJ5cIcHJkLAceMOIJ4tEKBPLJhGhECPxXI4YgiM4mtt468Dw469T7AzMOOKI:1uKafH:BXG4zesLtJ8gCiDhcRBe7folYidfgqmCqdsJCrJbBKg	2025-06-12 10:39:11.483402+00
ax2589ryivh27r39h8w8gwfzvtzxztct	.eJxVjEEOwiAQRe_C2hAghaEu3XsGwjCMVA0kpV013t2QdKHb_977hwhx30rYe17DQuIqtLj8bhjTK9cB6Bnro8nU6rYuKIciT9rlvVF-307376DEXkYNySHSlMA7G5GVAatn8JzZZEcTGz9p1Fo7pZCJZg_M5Ey2FthEJz5f9xU4RQ:1uBKgd:bf_KoJaxOP0lOvdPUZxjsHrOsoaeMf_u0j8-o3eoCCU	2025-05-17 21:46:19.309883+00
wyivxe077r6ndkfguek7x06255ycxr8b	.eJxVjEEOwiAQRe_C2hAKUygu3XsGMsOAVA0kpV0Z765NutDtf-_9lwi4rSVsPS1hZnEWA4jT70gYH6nuhO9Yb03GVtdlJrkr8qBdXhun5-Vw_w4K9vKtTTSUlJpMzGa0zht2OAJmiJmVBQsGI6DWXmOerKaUvLfAGklpNzCJ9wcHjzgq:1u6iQG:ZoxixwPusPfe98VYnuUa2g5bvNKwYmSstwuCp6FrkbE	2025-05-05 04:06:20.179526+00
puoz0v3ekftu0jus4f8vhwanriwxexsj	.eJxVjEEOwiAQRe_C2pCBAoJL9z0DmemAVA0kpV0Z765NutDtf-_9l4i4rSVuPS1xZnERSpx-N8LpkeoO-I711uTU6rrMJHdFHrTLsXF6Xg_376BgL98aHDvw2gKHbCArbdDQ2TvtIJHJwavBZ41ssqUUkCiwdjQlawfOAF68P8suN9E:1uuGdp:uNckUrd-5ATVBYwnuTjsmPO7MnFINql1VxtKN4LHSm0	2025-09-18 20:33:09.56085+00
i5ykz3enmpifvbsd35f1wp904qapzvcd	.eJxVjDsOwjAQBe_iGlnY-EtJnzNY6901DiBHipMKcXcSKQW0M_PeWyRYl5rWznMaSVyFEqdflgGf3HZBD2j3SeLUlnnMck_kYbscJuLX7Wj_Dir0uq1jJMKCoClfQgbvyEVbTNRRofW6aO1KxsDOK2YF2rG1ZzQx5MIbNuLzBQZQOLE:1uH5s7:sf6to58idOEkWGwRVXV_IDusXRPuAPJ50K3BR75R4VY	2025-06-02 19:09:59.647609+00
0wixl7yx31brlh3ew3n9piu3ourdnac8	.eJxVjEEOwiAQRe_C2pCBAoJL9z0DmemAVA0kpV0Z765NutDtf-_9l4i4rSVuPS1xZnERSpx-N8LpkeoO-I711uTU6rrMJHdFHrTLsXF6Xg_376BgL98aHDvw2gKHbCArbdDQ2TvtIJHJwavBZ41ssqUUkCiwdjQlawfOAF68P8suN9E:1uU8jl:wWELA_KlfyE8Rrnrsk1R61pyhtAzYhtbmmzAqaJXTu0	2025-07-08 18:51:17.562956+00
6bw147gb77j8pdy9724h69yu3h2dirpe	.eJxVjEEOwiAQRe_C2pCBAoJL9z0DmemAVA0kpV0Z765NutDtf-_9l4i4rSVuPS1xZnERSpx-N8LpkeoO-I711uTU6rrMJHdFHrTLsXF6Xg_376BgL98aHDvw2gKHbCArbdDQ2TvtIJHJwavBZ41ssqUUkCiwdjQlawfOAF68P8suN9E:1uoL5n:7oom5LTq5AHpALyigio39HCwuRLX3LkOByr2A_2-Bv4	2025-09-02 12:05:31.444727+00
9gms5kextxsa3xwhbpdb2xday4ey9b1q	.eJxVjMsOwiAQAP-FsyHdbnl59N5vIMAutmogKe3J-O-GpAe9zkzmLXw49sUfjTe_krgKEJdfFkN6cumCHqHcq0y17NsaZU_kaZucK_HrdrZ_gyW0pW8ZnCFSQ07Zjg6QgK0CrdjFgMw5j-jsNBBGE9HgMCWjWRNkh3kag_h8AeUqN-A:1ty4CD:SObhPohBAZSkva3EolXBuNCnIrdYuwhvoox8-cdu5sA	2025-04-11 07:32:05.197074+00
7me3esfbua8eld8h3xqlpyr9rppi19yr	.eJxVjMsOwiAQAP-FsyHdbnl59N5vIMAutmogKe3J-O-GpAe9zkzmLXw49sUfjTe_krgKEJdfFkN6cumCHqHcq0y17NsaZU_kaZucK_HrdrZ_gyW0pW8ZnCFSQ07Zjg6QgK0CrdjFgMw5j-jsNBBGE9HgMCWjWRNkh3kag_h8AeUqN-A:1u0O7l:0eu6tqrtNQJesbEdUK0dwtS5Zu-pI8n9sNJRYjqz8r4	2025-04-17 17:13:05.374155+00
uxh4ajhp5vnp05rldopf8uiax1q5mq4q	.eJxVjEEOwiAQRe_C2hAKUygu3XsGMsOAVA0kpV0Z765NutDtf-_9lwi4rSVsPS1hZnEWA4jT70gYH6nuhO9Yb03GVtdlJrkr8qBdXhun5-Vw_w4K9vKtTTSUlJpMzGa0zht2OAJmiJmVBQsGI6DWXmOerKaUvLfAGklpNzCJ9wcHjzgq:1u8Dw4:mplUD8bKWwqfkL3SP8o1VWqc1T4K5aZOIcsUfw7QYZo	2025-05-09 07:57:24.486507+00
fq1hkoxfh8ehfadqd5pz2gm0nzi75q38	.eJxVjDsOwyAQBe9CHSHAwOKU6X0GxGc3OIlAMnYV5e6xJRdJ-2bevJkP21r81nHxc2ZXZgS7_I4xpCfWg-RHqPfGU6vrMkd-KPyknU8t4-t2un-BEnrZ3wI0SEQYJalBZZUiDY6MQaO0cHvHAthAYJ22ESkDRCNHEwiTcITEPl__djiD:1uL0lF:2MT76vePI1S-1Kysrf-sNjLhcbf0Kzxmswhx4ZZBZCQ	2025-06-13 14:31:05.748704+00
hjckds0zvk51zexs0e705o2wv0ehmjkb	.eJxVjMsOwiAQRf-FtSFQ3i7d-w1kYAapGkhKuzL-uzbpQrf3nHNfLMK21rgNWuKM7MykYaffMUF-UNsJ3qHdOs-9rcuc-K7wgw5-7UjPy-H-HVQY9Vub4DxmlIKULCUUJ9C7YClpmKxJUhQrQcmcsiMXIAU_hUKotTZGeEXs_QEP0zge:1u94zS:VmF97_Q6P5dFG6T_lQpQSGG3lR9QRxZr48XgJ55EZ5Q	2025-05-11 16:36:26.929577+00
21fizm3h11enn90n9rurlrngqlrgjaqq	.eJxVjEEOwiAQRe_C2pCBAoJL9z0DmemAVA0kpV0Z765NutDtf-_9l4i4rSVuPS1xZnERSpx-N8LpkeoO-I711uTU6rrMJHdFHrTLsXF6Xg_376BgL98aHDvw2gKHbCArbdDQ2TvtIJHJwavBZ41ssqUUkCiwdjQlawfOAF68P8suN9E:1uU8jm:isudPMy3dfqyPEvgUjPyRAKhvyFB-IaPbhIZuEkAe28	2025-07-08 18:51:18.238313+00
81ocdejg245sou6pl60ynri5zkaslu60	.eJxVjEEOwiAQRe_C2hAoFMSl-56BDDODVA0kpV0Z765NutDtf-_9l4iwrSVunZc4k7gIHcTpd0yAD647oTvUW5PY6rrMSe6KPGiXUyN-Xg_376BAL986Bz0kpxkYERUlBYOy2ZMzPCbv0AY2Jvl8RotgKADYnD1o8ppGRSTeHznDOXo:1uBKsv:_fHagi3HnusUcaGCMPGo1m4nX0bs39L4Yya2AkjmheI	2025-05-17 21:59:01.696849+00
lx42fbasms31pchpav999sny37897byj	.eJxVjEEOwiAQRe_C2pCBAoJL9z0DmemAVA0kpV0Z765NutDtf-_9l4i4rSVuPS1xZnERSpx-N8LpkeoO-I711uTU6rrMJHdFHrTLsXF6Xg_376BgL98aHDvw2gKHbCArbdDQ2TvtIJHJwavBZ41ssqUUkCiwdjQlawfOAF68P8suN9E:1ul7CI:2uJSlVvcyZqsRF7Y0SBL1THpCznZi5nKTfXpZeVkhJA	2025-08-24 14:38:54.847139+00
jxasqku25zkwo1czibgclaxt6i48io2v	.eJxVjMEOwiAQRP-FsyFAgaJH734DWZZdqRpISnsy_rtt0oPeJvPezFtEWJcS105znLK4CK3E6bdMgE-qO8kPqPcmsdVlnpLcFXnQLm8t0-t6uH8HBXrZ1mySs8k6dN6BHRVpC55zgGSJDBk8G1aI3ukAwxZYaw6EowMeAgOIzxcalTkT:1u7Jle:4l5jeMw6RxFXsAjQScHmtHA1AqocXUZ3Ig0vB_gZzWQ	2025-05-06 19:58:54.632635+00
yj2p1bomls8hwhbzb7jif4jje3hatcxu	.eJxVjDsOwjAQBe_iGlnxV15Kes5g7XodHEC2FCdVxN1JpBTQzsx7m4i4LiWuPc9xYnEVIC6_jDC9cj0EP7E-mkytLvNE8kjkabu8N87v29n-HRTsZV9T8EDO6hBUdsw2IzMM5JMbDY5KZztgMN6ABnZOARJoB3ZnZJWnJD5f6Uk3tA:1u09yD:PNT97_aQILGFV_OATAGXeEIR9I5QmVjSc2Zae71qrYQ	2025-04-17 02:06:17.268526+00
11fltji8a6z4u1zof18upa1b036wlkm3	.eJxVjDsOwjAQBe_iGln2xl9Kes5grXcdHECOFCcV4u4QKQW0b2beSyTc1pq2XpY0sTgLq8Xpd8xIj9J2wndst1nS3NZlynJX5EG7vM5cnpfD_Tuo2Ou3jgXAeMZBZe-cx0IDGYUEdlSBESjwyEEro4ms9oQxessaQWdAZ6J4fwAQKDgj:1uMVxW:wvWxoLv6bBdZ-87n7xZABo-bFm3HcQyZeXmEar_aq5w	2025-06-17 18:01:58.151471+00
gt0p28oqz9wvarohcrrskw47ppkp1c5y	.eJxVjEEOwiAQRe_C2pCBAoJL9z0DmemAVA0kpV0Z765NutDtf-_9l4i4rSVuPS1xZnERSpx-N8LpkeoO-I711uTU6rrMJHdFHrTLsXF6Xg_376BgL98aHDvw2gKHbCArbdDQ2TvtIJHJwavBZ41ssqUUkCiwdjQlawfOAF68P8suN9E:1uUpQu:lM2r3vEMrJd_HXcG0shxgONIDqxx_BkvWIGWV4HTUJw	2025-07-10 16:26:40.228598+00
4skvgkatxacj8bv7ef594zrnjcttp5m1	.eJxVjEEOwiAQRe_C2pCBAoJL9z0DmemAVA0kpV0Z765NutDtf-_9l4i4rSVuPS1xZnERSpx-N8LpkeoO-I711uTU6rrMJHdFHrTLsXF6Xg_376BgL98aHDvw2gKHbCArbdDQ2TvtIJHJwavBZ41ssqUUkCiwdjQlawfOAF68P8suN9E:1ul81D:jC6LTr2WZhnfC9pRRWuF_lySznObyRx9GgQza0iTRtc	2025-08-24 15:31:31.122366+00
r0ddav4bqp0xwm1w4q2b4c4rnv8epdva	.eJxVjEEOwiAQRe_C2pCBAoJL9z0DmemAVA0kpV0Z765NutDtf-_9l4i4rSVuPS1xZnERSpx-N8LpkeoO-I711uTU6rrMJHdFHrTLsXF6Xg_376BgL98aHDvw2gKHbCArbdDQ2TvtIJHJwavBZ41ssqUUkCiwdjQlawfOAF68P8suN9E:1ul81E:RJn1hZQW4UYeHnIXEFdYjwpi_7zKkwHrz33fLzYDNDg	2025-08-24 15:31:32.281162+00
t90wmzlrfc3466l8zmup6cqb9dgyngvv	.eJxVjDsOwjAQBe_iGllgrz-hpOcM0e56gwPIluKkQtwdLKWA9s3Me6kRtzWPW5NlnJM6K4jq8DsS8kNKJ-mO5VY117IuM-mu6J02fa1Jnpfd_TvI2HKvJ5cIcHJkLAceMOIJ4tEKBPLJhGhECPxXI4YgiM4mtt468Dw469T7AzMOOKI:1uWDV6:KAn_bF3zH_WO6UlkG4c2ax7Rh7Nbl_5AwVYkwticOmM	2025-07-14 12:20:44.678559+00
mkhm4vg9j696zk4p9qj9o4ozlwwzmj7b	.eJxVjDsOwjAQBe_iGlnxV15Kes5g7XodHEC2FCdVxN1JpBTQzsx7m4i4LiWuPc9xYnEVIC6_jDC9cj0EP7E-mkytLvNE8kjkabu8N87v29n-HRTsZV9T8EDO6hBUdsw2IzMM5JMbDY5KZztgMN6ABnZOARJoB3ZnZJWnJD5f6Uk3tA:1u4EDY:adjeOsB3zbDJ18A27f6_FVw53MYi27glg9sZkOYbicA	2025-04-28 07:26:56.196809+00
8tu236es2wptjwazgytsu3esw2yiws5s	.eJxVjMsOwiAQAP-FsyHdbnl59N5vIMAutmogKe3J-O-GpAe9zkzmLXw49sUfjTe_krgKEJdfFkN6cumCHqHcq0y17NsaZU_kaZucK_HrdrZ_gyW0pW8ZnCFSQ07Zjg6QgK0CrdjFgMw5j-jsNBBGE9HgMCWjWRNkh3kag_h8AeUqN-A:1tzu5E:-KuayFT_WSMiojQHKcAGoDT4va1F685wc9gHu-aZ9TA	2025-04-16 09:08:28.937343+00
s19g7ygqh1h2cbsj91h4n7redy43lp68	.eJxVjEEOwiAQRe_C2pBOO4Dj0n3P0AwMSNVAUtqV8e7apAvd_vfef6mJtzVPW4vLNIu6KDTq9Dt6Do9YdiJ3LreqQy3rMnu9K_qgTY9V4vN6uH8HmVv-1kSEjnsJFiw6gBSQyHOKQmRRBsfubDxQEEQvLJAMc-ccpiFCh716fwAHAzga:1uH6sM:ss3Mdem9qMYY5Kl4ywywChAD0ZbT7b9baqlTmDdAcbk	2025-06-02 20:14:18.393644+00
3bq02ibzkd4u3qjcheof1soj8vds4fv8	.eJxVjEEOwiAQRe_C2pCBAoJL9z0DmemAVA0kpV0Z765NutDtf-_9l4i4rSVuPS1xZnERSpx-N8LpkeoO-I711uTU6rrMJHdFHrTLsXF6Xg_376BgL98aHDvw2gKHbCArbdDQ2TvtIJHJwavBZ41ssqUUkCiwdjQlawfOAF68P8suN9E:1uWXEx:jbJCouz4BDBvZ8dBWLAgld3Sz7LG3c4Kaj7OuVDhLjw	2025-07-15 09:25:23.361623+00
\.


--
-- Name: accounts_account_groups_id_seq; Type: SEQUENCE SET; Schema: public; Owner: postgres
--

SELECT pg_catalog.setval('public.accounts_account_groups_id_seq', 1, false);


--
-- Name: accounts_account_id_seq; Type: SEQUENCE SET; Schema: public; Owner: postgres
--

SELECT pg_catalog.setval('public.accounts_account_id_seq', 67, true);


--
-- Name: accounts_account_user_permissions_id_seq; Type: SEQUENCE SET; Schema: public; Owner: postgres
--

SELECT pg_catalog.setval('public.accounts_account_user_permissions_id_seq', 1, false);


--
-- Name: accounts_balance_id_seq; Type: SEQUENCE SET; Schema: public; Owner: postgres
--

SELECT pg_catalog.setval('public.accounts_balance_id_seq', 55, true);


--
-- Name: accounts_bankwithdrawal_id_seq; Type: SEQUENCE SET; Schema: public; Owner: postgres
--

SELECT pg_catalog.setval('public.accounts_bankwithdrawal_id_seq', 3, true);


--
-- Name: accounts_deposittransaction_id_seq; Type: SEQUENCE SET; Schema: public; Owner: postgres
--

SELECT pg_catalog.setval('public.accounts_deposittransaction_id_seq', 65, true);


--
-- Name: accounts_forexplan_id_seq; Type: SEQUENCE SET; Schema: public; Owner: postgres
--

SELECT pg_catalog.setval('public.accounts_forexplan_id_seq', 4, true);


--
-- Name: accounts_paymentgateway_id_seq; Type: SEQUENCE SET; Schema: public; Owner: postgres
--

SELECT pg_catalog.setval('public.accounts_paymentgateway_id_seq', 1, true);


--
-- Name: accounts_referral_id_seq; Type: SEQUENCE SET; Schema: public; Owner: postgres
--

SELECT pg_catalog.setval('public.accounts_referral_id_seq', 1, false);


--
-- Name: accounts_transactioncodes_id_seq; Type: SEQUENCE SET; Schema: public; Owner: postgres
--

SELECT pg_catalog.setval('public.accounts_transactioncodes_id_seq', 17, true);


--
-- Name: accounts_users_investment_id_seq; Type: SEQUENCE SET; Schema: public; Owner: postgres
--

SELECT pg_catalog.setval('public.accounts_users_investment_id_seq', 6, true);


--
-- Name: accounts_walletaddress_id_seq; Type: SEQUENCE SET; Schema: public; Owner: postgres
--

SELECT pg_catalog.setval('public.accounts_walletaddress_id_seq', 7, true);


--
-- Name: accounts_withdrawtransaction_id_seq; Type: SEQUENCE SET; Schema: public; Owner: postgres
--

SELECT pg_catalog.setval('public.accounts_withdrawtransaction_id_seq', 8, true);


--
-- Name: auth_group_id_seq; Type: SEQUENCE SET; Schema: public; Owner: postgres
--

SELECT pg_catalog.setval('public.auth_group_id_seq', 1, false);


--
-- Name: auth_group_permissions_id_seq; Type: SEQUENCE SET; Schema: public; Owner: postgres
--

SELECT pg_catalog.setval('public.auth_group_permissions_id_seq', 1, false);


--
-- Name: auth_permission_id_seq; Type: SEQUENCE SET; Schema: public; Owner: postgres
--

SELECT pg_catalog.setval('public.auth_permission_id_seq', 64, true);


--
-- Name: django_admin_log_id_seq; Type: SEQUENCE SET; Schema: public; Owner: postgres
--

SELECT pg_catalog.setval('public.django_admin_log_id_seq', 191, true);


--
-- Name: django_content_type_id_seq; Type: SEQUENCE SET; Schema: public; Owner: postgres
--

SELECT pg_catalog.setval('public.django_content_type_id_seq', 16, true);


--
-- Name: django_migrations_id_seq; Type: SEQUENCE SET; Schema: public; Owner: postgres
--

SELECT pg_catalog.setval('public.django_migrations_id_seq', 27, true);


--
-- Name: accounts_account accounts_account_email_key; Type: CONSTRAINT; Schema: public; Owner: postgres
--

ALTER TABLE ONLY public.accounts_account
    ADD CONSTRAINT accounts_account_email_key UNIQUE (email);


--
-- Name: accounts_account_groups accounts_account_groups_account_id_group_id_f64165b0_uniq; Type: CONSTRAINT; Schema: public; Owner: postgres
--

ALTER TABLE ONLY public.accounts_account_groups
    ADD CONSTRAINT accounts_account_groups_account_id_group_id_f64165b0_uniq UNIQUE (account_id, group_id);


--
-- Name: accounts_account_groups accounts_account_groups_pkey; Type: CONSTRAINT; Schema: public; Owner: postgres
--

ALTER TABLE ONLY public.accounts_account_groups
    ADD CONSTRAINT accounts_account_groups_pkey PRIMARY KEY (id);


--
-- Name: accounts_account accounts_account_pkey; Type: CONSTRAINT; Schema: public; Owner: postgres
--

ALTER TABLE ONLY public.accounts_account
    ADD CONSTRAINT accounts_account_pkey PRIMARY KEY (id);


--
-- Name: accounts_account_user_permissions accounts_account_user_pe_account_id_permission_id_9af93c14_uniq; Type: CONSTRAINT; Schema: public; Owner: postgres
--

ALTER TABLE ONLY public.accounts_account_user_permissions
    ADD CONSTRAINT accounts_account_user_pe_account_id_permission_id_9af93c14_uniq UNIQUE (account_id, permission_id);


--
-- Name: accounts_account_user_permissions accounts_account_user_permissions_pkey; Type: CONSTRAINT; Schema: public; Owner: postgres
--

ALTER TABLE ONLY public.accounts_account_user_permissions
    ADD CONSTRAINT accounts_account_user_permissions_pkey PRIMARY KEY (id);


--
-- Name: accounts_account accounts_account_username_key; Type: CONSTRAINT; Schema: public; Owner: postgres
--

ALTER TABLE ONLY public.accounts_account
    ADD CONSTRAINT accounts_account_username_key UNIQUE (username);


--
-- Name: accounts_balance accounts_balance_pkey; Type: CONSTRAINT; Schema: public; Owner: postgres
--

ALTER TABLE ONLY public.accounts_balance
    ADD CONSTRAINT accounts_balance_pkey PRIMARY KEY (id);


--
-- Name: accounts_balance accounts_balance_user_id_key; Type: CONSTRAINT; Schema: public; Owner: postgres
--

ALTER TABLE ONLY public.accounts_balance
    ADD CONSTRAINT accounts_balance_user_id_key UNIQUE (user_id);


--
-- Name: accounts_bankwithdrawal accounts_bankwithdrawal_pkey; Type: CONSTRAINT; Schema: public; Owner: postgres
--

ALTER TABLE ONLY public.accounts_bankwithdrawal
    ADD CONSTRAINT accounts_bankwithdrawal_pkey PRIMARY KEY (id);


--
-- Name: accounts_deposittransaction accounts_deposittransaction_pkey; Type: CONSTRAINT; Schema: public; Owner: postgres
--

ALTER TABLE ONLY public.accounts_deposittransaction
    ADD CONSTRAINT accounts_deposittransaction_pkey PRIMARY KEY (id);


--
-- Name: accounts_deposittransaction accounts_deposittransaction_tx_ref_key; Type: CONSTRAINT; Schema: public; Owner: postgres
--

ALTER TABLE ONLY public.accounts_deposittransaction
    ADD CONSTRAINT accounts_deposittransaction_tx_ref_key UNIQUE (tx_ref);


--
-- Name: accounts_deposittransaction accounts_deposittransaction_uniqid_key; Type: CONSTRAINT; Schema: public; Owner: postgres
--

ALTER TABLE ONLY public.accounts_deposittransaction
    ADD CONSTRAINT accounts_deposittransaction_uniqid_key UNIQUE (uniqid);


--
-- Name: accounts_forexplan accounts_forexplan_name_key; Type: CONSTRAINT; Schema: public; Owner: postgres
--

ALTER TABLE ONLY public.accounts_forexplan
    ADD CONSTRAINT accounts_forexplan_name_key UNIQUE (name);


--
-- Name: accounts_forexplan accounts_forexplan_pkey; Type: CONSTRAINT; Schema: public; Owner: postgres
--

ALTER TABLE ONLY public.accounts_forexplan
    ADD CONSTRAINT accounts_forexplan_pkey PRIMARY KEY (id);


--
-- Name: accounts_paymentgateway accounts_paymentgateway_pkey; Type: CONSTRAINT; Schema: public; Owner: postgres
--

ALTER TABLE ONLY public.accounts_paymentgateway
    ADD CONSTRAINT accounts_paymentgateway_pkey PRIMARY KEY (id);


--
-- Name: accounts_paymentgateway accounts_paymentgateway_wallet_address_key; Type: CONSTRAINT; Schema: public; Owner: postgres
--

ALTER TABLE ONLY public.accounts_paymentgateway
    ADD CONSTRAINT accounts_paymentgateway_wallet_address_key UNIQUE (wallet_address);


--
-- Name: accounts_referral accounts_referral_email_key; Type: CONSTRAINT; Schema: public; Owner: postgres
--

ALTER TABLE ONLY public.accounts_referral
    ADD CONSTRAINT accounts_referral_email_key UNIQUE (email);


--
-- Name: accounts_referral accounts_referral_pkey; Type: CONSTRAINT; Schema: public; Owner: postgres
--

ALTER TABLE ONLY public.accounts_referral
    ADD CONSTRAINT accounts_referral_pkey PRIMARY KEY (id);


--
-- Name: accounts_referral accounts_referral_referral_code_key; Type: CONSTRAINT; Schema: public; Owner: postgres
--

ALTER TABLE ONLY public.accounts_referral
    ADD CONSTRAINT accounts_referral_referral_code_key UNIQUE (referral_code);


--
-- Name: accounts_referral accounts_referral_user_id_key; Type: CONSTRAINT; Schema: public; Owner: postgres
--

ALTER TABLE ONLY public.accounts_referral
    ADD CONSTRAINT accounts_referral_user_id_key UNIQUE (user_id);


--
-- Name: accounts_transactioncodes accounts_transactioncodes_pkey; Type: CONSTRAINT; Schema: public; Owner: postgres
--

ALTER TABLE ONLY public.accounts_transactioncodes
    ADD CONSTRAINT accounts_transactioncodes_pkey PRIMARY KEY (id);


--
-- Name: accounts_transactioncodes accounts_transactioncodes_user_id_key; Type: CONSTRAINT; Schema: public; Owner: postgres
--

ALTER TABLE ONLY public.accounts_transactioncodes
    ADD CONSTRAINT accounts_transactioncodes_user_id_key UNIQUE (user_id);


--
-- Name: accounts_users_investment accounts_users_investment_pkey; Type: CONSTRAINT; Schema: public; Owner: postgres
--

ALTER TABLE ONLY public.accounts_users_investment
    ADD CONSTRAINT accounts_users_investment_pkey PRIMARY KEY (id);


--
-- Name: accounts_users_investment accounts_users_investment_uniq_id_key; Type: CONSTRAINT; Schema: public; Owner: postgres
--

ALTER TABLE ONLY public.accounts_users_investment
    ADD CONSTRAINT accounts_users_investment_uniq_id_key UNIQUE (uniq_id);


--
-- Name: accounts_walletaddress accounts_walletaddress_address_key; Type: CONSTRAINT; Schema: public; Owner: postgres
--

ALTER TABLE ONLY public.accounts_walletaddress
    ADD CONSTRAINT accounts_walletaddress_address_key UNIQUE (address);


--
-- Name: accounts_walletaddress accounts_walletaddress_pkey; Type: CONSTRAINT; Schema: public; Owner: postgres
--

ALTER TABLE ONLY public.accounts_walletaddress
    ADD CONSTRAINT accounts_walletaddress_pkey PRIMARY KEY (id);


--
-- Name: accounts_withdrawtransaction accounts_withdrawtransaction_pkey; Type: CONSTRAINT; Schema: public; Owner: postgres
--

ALTER TABLE ONLY public.accounts_withdrawtransaction
    ADD CONSTRAINT accounts_withdrawtransaction_pkey PRIMARY KEY (id);


--
-- Name: accounts_withdrawtransaction accounts_withdrawtransaction_tx_ref_key; Type: CONSTRAINT; Schema: public; Owner: postgres
--

ALTER TABLE ONLY public.accounts_withdrawtransaction
    ADD CONSTRAINT accounts_withdrawtransaction_tx_ref_key UNIQUE (tx_ref);


--
-- Name: accounts_withdrawtransaction accounts_withdrawtransaction_uniqid_key; Type: CONSTRAINT; Schema: public; Owner: postgres
--

ALTER TABLE ONLY public.accounts_withdrawtransaction
    ADD CONSTRAINT accounts_withdrawtransaction_uniqid_key UNIQUE (uniqid);


--
-- Name: auth_group auth_group_name_key; Type: CONSTRAINT; Schema: public; Owner: postgres
--

ALTER TABLE ONLY public.auth_group
    ADD CONSTRAINT auth_group_name_key UNIQUE (name);


--
-- Name: auth_group_permissions auth_group_permissions_group_id_permission_id_0cd325b0_uniq; Type: CONSTRAINT; Schema: public; Owner: postgres
--

ALTER TABLE ONLY public.auth_group_permissions
    ADD CONSTRAINT auth_group_permissions_group_id_permission_id_0cd325b0_uniq UNIQUE (group_id, permission_id);


--
-- Name: auth_group_permissions auth_group_permissions_pkey; Type: CONSTRAINT; Schema: public; Owner: postgres
--

ALTER TABLE ONLY public.auth_group_permissions
    ADD CONSTRAINT auth_group_permissions_pkey PRIMARY KEY (id);


--
-- Name: auth_group auth_group_pkey; Type: CONSTRAINT; Schema: public; Owner: postgres
--

ALTER TABLE ONLY public.auth_group
    ADD CONSTRAINT auth_group_pkey PRIMARY KEY (id);


--
-- Name: auth_permission auth_permission_content_type_id_codename_01ab375a_uniq; Type: CONSTRAINT; Schema: public; Owner: postgres
--

ALTER TABLE ONLY public.auth_permission
    ADD CONSTRAINT auth_permission_content_type_id_codename_01ab375a_uniq UNIQUE (content_type_id, codename);


--
-- Name: auth_permission auth_permission_pkey; Type: CONSTRAINT; Schema: public; Owner: postgres
--

ALTER TABLE ONLY public.auth_permission
    ADD CONSTRAINT auth_permission_pkey PRIMARY KEY (id);


--
-- Name: django_admin_log django_admin_log_pkey; Type: CONSTRAINT; Schema: public; Owner: postgres
--

ALTER TABLE ONLY public.django_admin_log
    ADD CONSTRAINT django_admin_log_pkey PRIMARY KEY (id);


--
-- Name: django_content_type django_content_type_app_label_model_76bd3d3b_uniq; Type: CONSTRAINT; Schema: public; Owner: postgres
--

ALTER TABLE ONLY public.django_content_type
    ADD CONSTRAINT django_content_type_app_label_model_76bd3d3b_uniq UNIQUE (app_label, model);


--
-- Name: django_content_type django_content_type_pkey; Type: CONSTRAINT; Schema: public; Owner: postgres
--

ALTER TABLE ONLY public.django_content_type
    ADD CONSTRAINT django_content_type_pkey PRIMARY KEY (id);


--
-- Name: django_migrations django_migrations_pkey; Type: CONSTRAINT; Schema: public; Owner: postgres
--

ALTER TABLE ONLY public.django_migrations
    ADD CONSTRAINT django_migrations_pkey PRIMARY KEY (id);


--
-- Name: django_session django_session_pkey; Type: CONSTRAINT; Schema: public; Owner: postgres
--

ALTER TABLE ONLY public.django_session
    ADD CONSTRAINT django_session_pkey PRIMARY KEY (session_key);


--
-- Name: accounts_account_email_348850e2_like; Type: INDEX; Schema: public; Owner: postgres
--

CREATE INDEX accounts_account_email_348850e2_like ON public.accounts_account USING btree (email varchar_pattern_ops);


--
-- Name: accounts_account_groups_account_id_52f14852; Type: INDEX; Schema: public; Owner: postgres
--

CREATE INDEX accounts_account_groups_account_id_52f14852 ON public.accounts_account_groups USING btree (account_id);


--
-- Name: accounts_account_groups_group_id_7c6a6bd1; Type: INDEX; Schema: public; Owner: postgres
--

CREATE INDEX accounts_account_groups_group_id_7c6a6bd1 ON public.accounts_account_groups USING btree (group_id);


--
-- Name: accounts_account_user_permissions_account_id_816f9bde; Type: INDEX; Schema: public; Owner: postgres
--

CREATE INDEX accounts_account_user_permissions_account_id_816f9bde ON public.accounts_account_user_permissions USING btree (account_id);


--
-- Name: accounts_account_user_permissions_permission_id_24620205; Type: INDEX; Schema: public; Owner: postgres
--

CREATE INDEX accounts_account_user_permissions_permission_id_24620205 ON public.accounts_account_user_permissions USING btree (permission_id);


--
-- Name: accounts_account_username_b5f69a28_like; Type: INDEX; Schema: public; Owner: postgres
--

CREATE INDEX accounts_account_username_b5f69a28_like ON public.accounts_account USING btree (username varchar_pattern_ops);


--
-- Name: accounts_bankwithdrawal_user_id_a3931a55; Type: INDEX; Schema: public; Owner: postgres
--

CREATE INDEX accounts_bankwithdrawal_user_id_a3931a55 ON public.accounts_bankwithdrawal USING btree (user_id);


--
-- Name: accounts_deposittransaction_tx_ref_a5e2bd09_like; Type: INDEX; Schema: public; Owner: postgres
--

CREATE INDEX accounts_deposittransaction_tx_ref_a5e2bd09_like ON public.accounts_deposittransaction USING btree (tx_ref varchar_pattern_ops);


--
-- Name: accounts_deposittransaction_user_id_78a935fd; Type: INDEX; Schema: public; Owner: postgres
--

CREATE INDEX accounts_deposittransaction_user_id_78a935fd ON public.accounts_deposittransaction USING btree (user_id);


--
-- Name: accounts_forexplan_name_6b1c31ce_like; Type: INDEX; Schema: public; Owner: postgres
--

CREATE INDEX accounts_forexplan_name_6b1c31ce_like ON public.accounts_forexplan USING btree (name varchar_pattern_ops);


--
-- Name: accounts_paymentgateway_wallet_address_9669a3c5_like; Type: INDEX; Schema: public; Owner: postgres
--

CREATE INDEX accounts_paymentgateway_wallet_address_9669a3c5_like ON public.accounts_paymentgateway USING btree (wallet_address varchar_pattern_ops);


--
-- Name: accounts_referral_email_33c4d5d3_like; Type: INDEX; Schema: public; Owner: postgres
--

CREATE INDEX accounts_referral_email_33c4d5d3_like ON public.accounts_referral USING btree (email varchar_pattern_ops);


--
-- Name: accounts_referral_referral_code_3d112ceb_like; Type: INDEX; Schema: public; Owner: postgres
--

CREATE INDEX accounts_referral_referral_code_3d112ceb_like ON public.accounts_referral USING btree (referral_code varchar_pattern_ops);


--
-- Name: accounts_users_investment_plan_id_49797c0a; Type: INDEX; Schema: public; Owner: postgres
--

CREATE INDEX accounts_users_investment_plan_id_49797c0a ON public.accounts_users_investment USING btree (plan_id);


--
-- Name: accounts_users_investment_uniq_id_13a091e4_like; Type: INDEX; Schema: public; Owner: postgres
--

CREATE INDEX accounts_users_investment_uniq_id_13a091e4_like ON public.accounts_users_investment USING btree (uniq_id varchar_pattern_ops);


--
-- Name: accounts_users_investment_user_id_416cf9ad; Type: INDEX; Schema: public; Owner: postgres
--

CREATE INDEX accounts_users_investment_user_id_416cf9ad ON public.accounts_users_investment USING btree (user_id);


--
-- Name: accounts_walletaddress_address_29bebc29_like; Type: INDEX; Schema: public; Owner: postgres
--

CREATE INDEX accounts_walletaddress_address_29bebc29_like ON public.accounts_walletaddress USING btree (address varchar_pattern_ops);


--
-- Name: accounts_walletaddress_user_id_52fec8c7; Type: INDEX; Schema: public; Owner: postgres
--

CREATE INDEX accounts_walletaddress_user_id_52fec8c7 ON public.accounts_walletaddress USING btree (user_id);


--
-- Name: accounts_withdrawtransaction_tx_ref_02e9c9d7_like; Type: INDEX; Schema: public; Owner: postgres
--

CREATE INDEX accounts_withdrawtransaction_tx_ref_02e9c9d7_like ON public.accounts_withdrawtransaction USING btree (tx_ref varchar_pattern_ops);


--
-- Name: accounts_withdrawtransaction_user_id_46e63713; Type: INDEX; Schema: public; Owner: postgres
--

CREATE INDEX accounts_withdrawtransaction_user_id_46e63713 ON public.accounts_withdrawtransaction USING btree (user_id);


--
-- Name: auth_group_name_a6ea08ec_like; Type: INDEX; Schema: public; Owner: postgres
--

CREATE INDEX auth_group_name_a6ea08ec_like ON public.auth_group USING btree (name varchar_pattern_ops);


--
-- Name: auth_group_permissions_group_id_b120cbf9; Type: INDEX; Schema: public; Owner: postgres
--

CREATE INDEX auth_group_permissions_group_id_b120cbf9 ON public.auth_group_permissions USING btree (group_id);


--
-- Name: auth_group_permissions_permission_id_84c5c92e; Type: INDEX; Schema: public; Owner: postgres
--

CREATE INDEX auth_group_permissions_permission_id_84c5c92e ON public.auth_group_permissions USING btree (permission_id);


--
-- Name: auth_permission_content_type_id_2f476e4b; Type: INDEX; Schema: public; Owner: postgres
--

CREATE INDEX auth_permission_content_type_id_2f476e4b ON public.auth_permission USING btree (content_type_id);


--
-- Name: django_admin_log_content_type_id_c4bce8eb; Type: INDEX; Schema: public; Owner: postgres
--

CREATE INDEX django_admin_log_content_type_id_c4bce8eb ON public.django_admin_log USING btree (content_type_id);


--
-- Name: django_admin_log_user_id_c564eba6; Type: INDEX; Schema: public; Owner: postgres
--

CREATE INDEX django_admin_log_user_id_c564eba6 ON public.django_admin_log USING btree (user_id);


--
-- Name: django_session_expire_date_a5c62663; Type: INDEX; Schema: public; Owner: postgres
--

CREATE INDEX django_session_expire_date_a5c62663 ON public.django_session USING btree (expire_date);


--
-- Name: django_session_session_key_c0390e0f_like; Type: INDEX; Schema: public; Owner: postgres
--

CREATE INDEX django_session_session_key_c0390e0f_like ON public.django_session USING btree (session_key varchar_pattern_ops);


--
-- Name: accounts_account_groups accounts_account_gro_account_id_52f14852_fk_accounts_; Type: FK CONSTRAINT; Schema: public; Owner: postgres
--

ALTER TABLE ONLY public.accounts_account_groups
    ADD CONSTRAINT accounts_account_gro_account_id_52f14852_fk_accounts_ FOREIGN KEY (account_id) REFERENCES public.accounts_account(id) DEFERRABLE INITIALLY DEFERRED;


--
-- Name: accounts_account_groups accounts_account_groups_group_id_7c6a6bd1_fk_auth_group_id; Type: FK CONSTRAINT; Schema: public; Owner: postgres
--

ALTER TABLE ONLY public.accounts_account_groups
    ADD CONSTRAINT accounts_account_groups_group_id_7c6a6bd1_fk_auth_group_id FOREIGN KEY (group_id) REFERENCES public.auth_group(id) DEFERRABLE INITIALLY DEFERRED;


--
-- Name: accounts_account_user_permissions accounts_account_use_account_id_816f9bde_fk_accounts_; Type: FK CONSTRAINT; Schema: public; Owner: postgres
--

ALTER TABLE ONLY public.accounts_account_user_permissions
    ADD CONSTRAINT accounts_account_use_account_id_816f9bde_fk_accounts_ FOREIGN KEY (account_id) REFERENCES public.accounts_account(id) DEFERRABLE INITIALLY DEFERRED;


--
-- Name: accounts_account_user_permissions accounts_account_use_permission_id_24620205_fk_auth_perm; Type: FK CONSTRAINT; Schema: public; Owner: postgres
--

ALTER TABLE ONLY public.accounts_account_user_permissions
    ADD CONSTRAINT accounts_account_use_permission_id_24620205_fk_auth_perm FOREIGN KEY (permission_id) REFERENCES public.auth_permission(id) DEFERRABLE INITIALLY DEFERRED;


--
-- Name: accounts_balance accounts_balance_user_id_4511bdbe_fk_accounts_account_id; Type: FK CONSTRAINT; Schema: public; Owner: postgres
--

ALTER TABLE ONLY public.accounts_balance
    ADD CONSTRAINT accounts_balance_user_id_4511bdbe_fk_accounts_account_id FOREIGN KEY (user_id) REFERENCES public.accounts_account(id) DEFERRABLE INITIALLY DEFERRED;


--
-- Name: accounts_bankwithdrawal accounts_bankwithdrawal_user_id_a3931a55_fk_accounts_account_id; Type: FK CONSTRAINT; Schema: public; Owner: postgres
--

ALTER TABLE ONLY public.accounts_bankwithdrawal
    ADD CONSTRAINT accounts_bankwithdrawal_user_id_a3931a55_fk_accounts_account_id FOREIGN KEY (user_id) REFERENCES public.accounts_account(id) DEFERRABLE INITIALLY DEFERRED;


--
-- Name: accounts_deposittransaction accounts_deposittran_user_id_78a935fd_fk_accounts_; Type: FK CONSTRAINT; Schema: public; Owner: postgres
--

ALTER TABLE ONLY public.accounts_deposittransaction
    ADD CONSTRAINT accounts_deposittran_user_id_78a935fd_fk_accounts_ FOREIGN KEY (user_id) REFERENCES public.accounts_account(id) DEFERRABLE INITIALLY DEFERRED;


--
-- Name: accounts_referral accounts_referral_user_id_9e6d8a80_fk_accounts_account_id; Type: FK CONSTRAINT; Schema: public; Owner: postgres
--

ALTER TABLE ONLY public.accounts_referral
    ADD CONSTRAINT accounts_referral_user_id_9e6d8a80_fk_accounts_account_id FOREIGN KEY (user_id) REFERENCES public.accounts_account(id) DEFERRABLE INITIALLY DEFERRED;


--
-- Name: accounts_transactioncodes accounts_transaction_user_id_ab18a723_fk_accounts_; Type: FK CONSTRAINT; Schema: public; Owner: postgres
--

ALTER TABLE ONLY public.accounts_transactioncodes
    ADD CONSTRAINT accounts_transaction_user_id_ab18a723_fk_accounts_ FOREIGN KEY (user_id) REFERENCES public.accounts_account(id) DEFERRABLE INITIALLY DEFERRED;


--
-- Name: accounts_users_investment accounts_users_inves_plan_id_49797c0a_fk_accounts_; Type: FK CONSTRAINT; Schema: public; Owner: postgres
--

ALTER TABLE ONLY public.accounts_users_investment
    ADD CONSTRAINT accounts_users_inves_plan_id_49797c0a_fk_accounts_ FOREIGN KEY (plan_id) REFERENCES public.accounts_forexplan(id) DEFERRABLE INITIALLY DEFERRED;


--
-- Name: accounts_users_investment accounts_users_inves_user_id_416cf9ad_fk_accounts_; Type: FK CONSTRAINT; Schema: public; Owner: postgres
--

ALTER TABLE ONLY public.accounts_users_investment
    ADD CONSTRAINT accounts_users_inves_user_id_416cf9ad_fk_accounts_ FOREIGN KEY (user_id) REFERENCES public.accounts_account(id) DEFERRABLE INITIALLY DEFERRED;


--
-- Name: accounts_walletaddress accounts_walletaddress_user_id_52fec8c7_fk_accounts_account_id; Type: FK CONSTRAINT; Schema: public; Owner: postgres
--

ALTER TABLE ONLY public.accounts_walletaddress
    ADD CONSTRAINT accounts_walletaddress_user_id_52fec8c7_fk_accounts_account_id FOREIGN KEY (user_id) REFERENCES public.accounts_account(id) DEFERRABLE INITIALLY DEFERRED;


--
-- Name: accounts_withdrawtransaction accounts_withdrawtra_user_id_46e63713_fk_accounts_; Type: FK CONSTRAINT; Schema: public; Owner: postgres
--

ALTER TABLE ONLY public.accounts_withdrawtransaction
    ADD CONSTRAINT accounts_withdrawtra_user_id_46e63713_fk_accounts_ FOREIGN KEY (user_id) REFERENCES public.accounts_account(id) DEFERRABLE INITIALLY DEFERRED;


--
-- Name: auth_group_permissions auth_group_permissio_permission_id_84c5c92e_fk_auth_perm; Type: FK CONSTRAINT; Schema: public; Owner: postgres
--

ALTER TABLE ONLY public.auth_group_permissions
    ADD CONSTRAINT auth_group_permissio_permission_id_84c5c92e_fk_auth_perm FOREIGN KEY (permission_id) REFERENCES public.auth_permission(id) DEFERRABLE INITIALLY DEFERRED;


--
-- Name: auth_group_permissions auth_group_permissions_group_id_b120cbf9_fk_auth_group_id; Type: FK CONSTRAINT; Schema: public; Owner: postgres
--

ALTER TABLE ONLY public.auth_group_permissions
    ADD CONSTRAINT auth_group_permissions_group_id_b120cbf9_fk_auth_group_id FOREIGN KEY (group_id) REFERENCES public.auth_group(id) DEFERRABLE INITIALLY DEFERRED;


--
-- Name: auth_permission auth_permission_content_type_id_2f476e4b_fk_django_co; Type: FK CONSTRAINT; Schema: public; Owner: postgres
--

ALTER TABLE ONLY public.auth_permission
    ADD CONSTRAINT auth_permission_content_type_id_2f476e4b_fk_django_co FOREIGN KEY (content_type_id) REFERENCES public.django_content_type(id) DEFERRABLE INITIALLY DEFERRED;


--
-- Name: django_admin_log django_admin_log_content_type_id_c4bce8eb_fk_django_co; Type: FK CONSTRAINT; Schema: public; Owner: postgres
--

ALTER TABLE ONLY public.django_admin_log
    ADD CONSTRAINT django_admin_log_content_type_id_c4bce8eb_fk_django_co FOREIGN KEY (content_type_id) REFERENCES public.django_content_type(id) DEFERRABLE INITIALLY DEFERRED;


--
-- Name: django_admin_log django_admin_log_user_id_c564eba6_fk_accounts_account_id; Type: FK CONSTRAINT; Schema: public; Owner: postgres
--

ALTER TABLE ONLY public.django_admin_log
    ADD CONSTRAINT django_admin_log_user_id_c564eba6_fk_accounts_account_id FOREIGN KEY (user_id) REFERENCES public.accounts_account(id) DEFERRABLE INITIALLY DEFERRED;


--
-- PostgreSQL database dump complete
--

\unrestrict 5s1XjwLEzkL7bXGtKOEPjh5k81b9xgwcfIBbGr1sb1CQByJqdTUzzlTRr12BYBf

